"id"	"strain"	"genotype"	"response"
513375	"A1b/101Y"	"E7"	19.9827786533556
458796	"A1b/160J"	"B37"	25.4580556004669
540634	"A1b/103I"	"C26"	22.3646580949613
798941	"A1b/180E"	"C26"	10.5794213784803
873780	"A1b/103I"	"B37"	18.4908365237667
714767	"A1b/180E"	"E7"	13.5840887778706
91443	"A1b/160J"	"C26"	7.64945901471456
512473	"A1b/103I"	"E7"	20.0471213296589
807522	"A1b/162A"	"C26"	31.907480166377
943025	"A1b/109B"	"E7"	23.1449335459948
144837	"A1b/166X"	"B37"	18.0297742045712
419158	"A1b/106P"	"E7"	32.6526938707243
784736	"A1b/103I"	"B37"	22.6942025855577
908577	"A1b/147R"	"C26"	9.11827541581337
524212	"A1b/190W"	"C26"	13.3627462979718
612222	"A1b/101Y"	"E7"	14.3894557116212
636103	"A1b/103I"	"E7"	18.3134460171749
240335	"A1b/154Z"	"E7"	33.0723579979521
515097	"A1b/106P"	"E7"	28.9956837267366
910941	"A1b/162A"	"B37"	9.46220264732888
398549	"A1b/134D"	"E7"	16.2075424809285
92455	"A1b/175N"	"E7"	21.8193326237295
716359	"A1b/101Y"	"C26"	22.7818640877862
947415	"A1b/106P"	"B37"	24.1052788555064
457781	"A1b/190W"	"C26"	15.5587824342512
213349	"A1b/147R"	"B37"	11.5294968518449
20865	"A1b/190W"	"B37"	36.0448080339894
436826	"A1b/103I"	"E7"	23.2244796109243
807888	"A1b/106P"	"E7"	18.6293799733843
800643	"A1b/103I"	"C26"	22.0178377250704
954928	"A1b/101Y"	"B37"	10.0892408706022
808842	"A1b/101Y"	"C26"	8.12174794531703
894367	"A1b/175N"	"C26"	10.4667949465218
131214	"A1b/101Y"	"E7"	15.5163469137183
846755	"A1b/103I"	"B37"	23.4974953467701
875889	"A1b/193G"	"C26"	19.013700989046
291422	"A1b/101Y"	"B37"	27.1245740593017
615620	"A1b/106P"	"C26"	32.5260504616218
572640	"A1b/147R"	"C26"	20.7173900810423
977125	"A1b/103I"	"B37"	33.2454120959098
344500	"A1b/175N"	"E7"	11.4708254100737
126522	"A1b/154Z"	"C26"	10.1321188903802
840981	"A1b/109B"	"C26"	19.0406512357313
185567	"A1b/153K"	"B37"	17.1327183224026
70000	"A1b/153K"	"E7"	15.3833805557655
421992	"A1b/158M"	"E7"	14.9496829867658
463444	"A1b/101Y"	"E7"	20.2545891699608
635790	"A1b/153K"	"C26"	14.9779964418841
84560	"A1b/101Y"	"B37"	21.4120131878778
364567	"A1b/101Y"	"C26"	9.69265459049498
811442	"A1b/147R"	"B37"	14.0165433051923
182962	"A1b/106P"	"E7"	17.0092888353851
840537	"A1b/175N"	"E7"	5.93314448022185
418818	"A1b/116T"	"C26"	18.2612342642439
511550	"A1b/116T"	"C26"	19.6464328066382
313672	"A1b/101Y"	"E7"	21.7492530705864
449926	"A1b/101Y"	"E7"	20.0979030688594
540157	"A1b/154Z"	"C26"	13.1756505076419
788916	"A1b/154Z"	"C26"	21.4826246016554
642675	"A1b/162A"	"B37"	13.5805094687372
785217	"A1b/101Y"	"E7"	23.4269918145821
23961	"A1b/153K"	"B37"	15.8544194216693
657263	"A1b/101Y"	"C26"	18.3035536289266
497029	"A1b/166X"	"B37"	0.245884412899613
376878	"A1b/101Y"	"E7"	21.4094849314295
50474	"A1b/154Z"	"E7"	18.2625536159168
209379	"A1b/154Z"	"B37"	2.79991485292021
148359	"A1b/158M"	"C26"	35.7779141210174
209549	"A1b/103I"	"C26"	11.0874517004981
986677	"A1b/116T"	"E7"	20.5326549204771
263971	"A1b/147R"	"C26"	16.6302006677461
622230	"A1b/103I"	"B37"	28.9722225274644
3728	"A1b/134D"	"C26"	17.1589108331459
993766	"A1b/103I"	"B37"	20.298845775791
274864	"A1b/160J"	"B37"	22.7657611351188
874885	"A1b/116T"	"E7"	20.3107039053413
173226	"A1b/101Y"	"E7"	17.8219809970986
31701	"A1b/109B"	"B37"	7.64513387223259
845993	"A1b/103I"	"C26"	10.9937585077977
934609	"A1b/109B"	"E7"	9.20579916318933
122038	"A1b/101Y"	"C26"	27.9571341760622
827070	"A1b/147R"	"C26"	26.5126988575234
716455	"A1b/153K"	"B37"	13.2751198938807
926090	"A1b/147R"	"B37"	20.9638083220638
622973	"A1b/101Y"	"E7"	4.64062217799103
662753	"A1b/103I"	"C26"	20.7029211046487
483912	"A1b/101Y"	"C26"	17.7741966433381
848257	"A1b/109B"	"E7"	10.1148848129361
982748	"A1b/103I"	"E7"	11.7401830771444
834919	"A1b/101Y"	"E7"	24.1931119934374
160319	"A1b/101Y"	"E7"	20.2970163018183
882690	"A1b/101Y"	"E7"	21.7915644308545
714969	"A1b/103I"	"C26"	24.5882703745802
406299	"A1b/134D"	"E7"	21.3860552788978
956145	"A1b/109B"	"B37"	20.0004145068498
244544	"A1b/106P"	"E7"	14.8704163441431
177671	"A1b/153K"	"C26"	15.2820564809612
435809	"A1b/194C"	"E7"	4.68475397653573
787684	"A1b/103I"	"C26"	19.3888477519849
232435	"A1b/153K"	"C26"	1.43963350169361
200466	"A1b/158M"	"E7"	38.0458099236231
165110	"A1b/101Y"	"C26"	13.850366001697
628165	"A1b/158M"	"E7"	26.4826066153405
28832	"A1b/101Y"	"C26"	18.1971716932085
162587	"A1b/101Y"	"C26"	24.504762785235
168087	"A1b/101Y"	"E7"	13.3651635199139
913581	"A1b/106P"	"C26"	18.8239611753489
701989	"A1b/103I"	"C26"	18.8745237737627
913875	"A1b/109B"	"C26"	15.1079364790505
80090	"A1b/106P"	"C26"	20.1968213553989
539541	"A1b/109B"	"C26"	1.12051730290849
178523	"A1b/193G"	"B37"	19.5955131845801
212538	"A1b/101Y"	"B37"	18.4983238896922
21172	"A1b/171F"	"E7"	11.5085270080509
412364	"A1b/101Y"	"C26"	24.3779341896129
169129	"A1b/116T"	"C26"	27.275845059065
704600	"A1b/101Y"	"E7"	11.143870370984
764514	"A1b/160J"	"B37"	12.5664268446416
440619	"A1b/194C"	"B37"	24.5372904111397
997454	"A1b/101Y"	"C26"	17.7128551490191
870663	"A1b/158M"	"B37"	28.8883287888998
976483	"A1b/101Y"	"C26"	9.78548153803306
643445	"A1b/153K"	"E7"	23.9077161668734
572192	"A1b/101Y"	"B37"	13.7935363958047
825111	"A1b/103I"	"E7"	22.0829078434314
233607	"A1b/101Y"	"B37"	15.5249567078103
21931	"A1b/116T"	"B37"	22.0862142629154
716148	"A1b/116T"	"E7"	22.5760506427152
746006	"A1b/101Y"	"B37"	19.1844676791906
169459	"A1b/134D"	"C26"	17.4040267133785
356716	"A1b/103I"	"C26"	20.1464722074273
40827	"A1b/158M"	"E7"	15.4731699465489
26744	"A1b/153K"	"C26"	9.00544478973298
642708	"A1b/103I"	"B37"	13.3954164395661
641914	"A1b/106P"	"C26"	12.3203687931659
710770	"A1b/194C"	"E7"	16.9464291293331
40524	"A1b/147R"	"E7"	16.7492470802239
412437	"A1b/171F"	"C26"	22.7753957328018
747644	"A1b/147R"	"C26"	12.3475890196178
230211	"A1b/101Y"	"E7"	17.838346203812
366800	"A1b/101Y"	"C26"	25.0513016501407
523777	"A1b/101Y"	"E7"	13.6978763100794
528286	"A1b/103I"	"C26"	5.18116876913601
857060	"A1b/101Y"	"E7"	20.0293550498111
65147	"A1b/134D"	"B37"	23.0524104126893
289701	"A1b/147R"	"E7"	14.7527269541592
99607	"A1b/109B"	"C26"	17.4213838348595
698196	"A1b/101Y"	"C26"	24.5405697125856
280851	"A1b/175N"	"C26"	11.6292994158245
436234	"A1b/162A"	"C26"	24.6492236867979
722401	"A1b/147R"	"E7"	10.1251224172308
862498	"A1b/154Z"	"C26"	13.730574145322
349749	"A1b/101Y"	"C26"	16.4531262456643
32629	"A1b/109B"	"C26"	9.83618396880886
921363	"A1b/116T"	"C26"	21.269091146214
319734	"A1b/187L"	"C26"	18.8941625611956
960978	"A1b/101Y"	"C26"	7.62897977470677
819823	"A1b/106P"	"B37"	14.657695120554
574247	"A1b/103I"	"C26"	25.7678640316432
238629	"A1b/101Y"	"C26"	21.3865794537101
223111	"A1b/103I"	"E7"	15.7467544309406
133197	"A1b/160J"	"B37"	16.812408196438
484544	"A1b/101Y"	"E7"	22.7661594021493
927042	"A1b/109B"	"E7"	16.1517754166164
781159	"A1b/103I"	"B37"	29.0981189279043
5015	"A1b/101Y"	"C26"	18.3108225718245
980320	"A1b/158M"	"C26"	17.2909795318875
659511	"A1b/109B"	"B37"	26.4208950986465
477551	"A1b/116T"	"C26"	15.8292147135294
348596	"A1b/101Y"	"E7"	12.7180624716348
799063	"A1b/116T"	"C26"	19.450845817641
163563	"A1b/109B"	"E7"	11.6773123324212
169860	"A1b/101Y"	"C26"	18.6463764014291
807977	"A1b/153K"	"B37"	10.2162075295521
822244	"A1b/153K"	"C26"	10.1000959912506
587206	"A1b/166X"	"C26"	19.5425347427575
16376	"A1b/101Y"	"C26"	21.3341028121361
176439	"A1b/180E"	"C26"	25.751616714556
985161	"A1b/154Z"	"C26"	9.32438264343595
823536	"A1b/116T"	"E7"	20.4194747364046
337109	"A1b/160J"	"B37"	28.9610021802214
899953	"A1b/106P"	"C26"	26.1972155759858
294816	"A1b/116T"	"B37"	17.8904420779906
98778	"A1b/103I"	"E7"	16.718138081666
619518	"A1b/160J"	"E7"	23.5015154693761
643666	"A1b/109B"	"B37"	16.8529431702119
858989	"A1b/103I"	"B37"	19.5402856893043
241045	"A1b/194C"	"C26"	18.641936055962
829983	"A1b/106P"	"C26"	15.337136110117
563954	"A1b/101Y"	"E7"	19.4270287203611
382409	"A1b/101Y"	"B37"	16.2879346843964
523372	"A1b/187L"	"C26"	8.54744648670934
968299	"A1b/180E"	"C26"	9.93260299273933
645471	"A1b/109B"	"B37"	25.5128695986542
854912	"A1b/101Y"	"B37"	19.7769268990284
964200	"A1b/101Y"	"B37"	22.2140740277824
658363	"A1b/153K"	"E7"	8.50565301144789
249490	"A1b/101Y"	"E7"	16.670931574722
306878	"A1b/166X"	"E7"	22.6234478204767
496242	"A1b/101Y"	"C26"	6.29295676833878
4043	"A1b/166X"	"E7"	16.8958329348572
77466	"A1b/134D"	"C26"	29.908712010173
854469	"A1b/103I"	"E7"	24.1257749346286
620147	"A1b/103I"	"B37"	21.6863490349087
696696	"A1b/106P"	"B37"	22.062869494007
717718	"A1b/116T"	"C26"	18.822484870868
22453	"A1b/101Y"	"C26"	15.2385418910328
742176	"A1b/160J"	"C26"	25.264934537219
245841	"A1b/106P"	"E7"	30.6839626304761
483098	"A1b/101Y"	"C26"	14.7173402670731
459526	"A1b/193G"	"C26"	13.2280732564841
384256	"A1b/158M"	"C26"	24.8330135404056
430176	"A1b/134D"	"E7"	6.62182276467243
259731	"A1b/101Y"	"B37"	13.6363845231705
479954	"A1b/109B"	"C26"	16.51600735468
69978	"A1b/103I"	"B37"	19.5017521378066
899525	"A1b/175N"	"E7"	19.6845761078838
996043	"A1b/193G"	"B37"	19.5845613333804
939842	"A1b/106P"	"C26"	4.4686341830969
542805	"A1b/162A"	"E7"	14.8023253616427
905979	"A1b/194C"	"E7"	16.8332448059466
833466	"A1b/103I"	"B37"	13.8625726957163
385681	"A1b/103I"	"B37"	22.1522138608339
110661	"A1b/106P"	"B37"	21.9605478873511
894350	"A1b/175N"	"C26"	16.3679521565332
603046	"A1b/101Y"	"B37"	29.181300464554
539038	"A1b/166X"	"E7"	11.9595043762441
396305	"A1b/101Y"	"C26"	26.5840103380976
987896	"A1b/106P"	"E7"	11.9852460239144
493386	"A1b/101Y"	"E7"	14.4039765989866
423407	"A1b/103I"	"B37"	18.5519564385821
951360	"A1b/101Y"	"E7"	22.0568039333625
373870	"A1b/101Y"	"C26"	10.0655764768599
452216	"A1b/171F"	"B37"	25.1229325999363
402160	"A1b/175N"	"E7"	10.3301443319188
557230	"A1b/101Y"	"C26"	16.3170960719345
424884	"A1b/103I"	"B37"	20.3797071436125
406023	"A1b/106P"	"B37"	30.8101748471945
750139	"A1b/175N"	"C26"	10.0196689331307
747679	"A1b/106P"	"C26"	21.5423150157836
367252	"A1b/158M"	"B37"	23.8428442163976
490641	"A1b/194C"	"B37"	4.9729784883214
355345	"A1b/116T"	"E7"	28.2801684664427
105126	"A1b/101Y"	"B37"	27.5944582783551
513861	"A1b/101Y"	"C26"	18.7902945349001
176259	"A1b/101Y"	"B37"	32.1921748767626
95352	"A1b/116T"	"B37"	21.302052966583
503044	"A1b/106P"	"C26"	17.5020148118585
311516	"A1b/101Y"	"E7"	24.0609461259531
540642	"A1b/134D"	"B37"	21.6647518591401
407441	"A1b/147R"	"B37"	11.2766254367047
336509	"A1b/106P"	"B37"	21.0003531451022
292915	"A1b/194C"	"C26"	6.90414531766813
755281	"A1b/166X"	"C26"	20.266982712157
448690	"A1b/106P"	"C26"	14.674545439371
936356	"A1b/109B"	"C26"	10.5931186920681
958949	"A1b/160J"	"B37"	23.4783318991697
144590	"A1b/116T"	"C26"	12.1397437733983
731714	"A1b/147R"	"B37"	6.17708778690934
549228	"A1b/103I"	"E7"	12.512798444793
706800	"A1b/101Y"	"C26"	3.74001780838929
481040	"A1b/101Y"	"B37"	23.2183687716028
675241	"A1b/158M"	"E7"	43.0107334269986
47188	"A1b/162A"	"C26"	16.1030705382281
362500	"A1b/162A"	"C26"	39.8810457123404
920940	"A1b/190W"	"B37"	32.5233029103081
331883	"A1b/134D"	"C26"	16.2256794479195
520622	"A1b/103I"	"E7"	13.2404343205318
601574	"A1b/101Y"	"C26"	11.5260783453355
968850	"A1b/154Z"	"C26"	17.5062412407089
546993	"A1b/109B"	"C26"	9.59573322297832
291564	"A1b/166X"	"E7"	17.1563723943634
658137	"A1b/187L"	"E7"	26.6045886419061
255161	"A1b/116T"	"E7"	17.3190488282016
488927	"A1b/101Y"	"E7"	7.89196528993768
331473	"A1b/109B"	"C26"	5.60297083304808
620306	"A1b/158M"	"E7"	25.8972108687886
689808	"A1b/134D"	"B37"	28.732547205363
543354	"A1b/106P"	"C26"	18.0990379897646
159284	"A1b/109B"	"E7"	16.1591584599772
831189	"A1b/103I"	"C26"	13.1222745237029
657896	"A1b/101Y"	"B37"	28.2386478483642
878310	"A1b/103I"	"C26"	34.0130491926325
634594	"A1b/101Y"	"B37"	10.9286162801241
5747	"A1b/166X"	"B37"	12.409367429357
272738	"A1b/106P"	"E7"	26.0143970866568
462222	"A1b/101Y"	"B37"	26.4627695020976
293496	"A1b/106P"	"C26"	24.9622499695238
218415	"A1b/153K"	"E7"	7.40092864327461
398973	"A1b/106P"	"E7"	16.5961404424612
656990	"A1b/106P"	"B37"	20.4565469683709
224426	"A1b/160J"	"C26"	20.7731768710385
303390	"A1b/194C"	"C26"	12.1986168303724
442600	"A1b/101Y"	"C26"	11.6069553736637
889097	"A1b/101Y"	"B37"	33.4792031345654
795857	"A1b/116T"	"C26"	19.4958753358339
222051	"A1b/116T"	"B37"	20.5546390682104
578779	"A1b/158M"	"C26"	15.7594899359117
766861	"A1b/147R"	"C26"	17.9189866408986
234723	"A1b/106P"	"E7"	17.5868739110482
210088	"A1b/116T"	"E7"	40.4960227173218
590428	"A1b/166X"	"E7"	28.7197982421646
933225	"A1b/134D"	"E7"	23.5992728023493
513455	"A1b/106P"	"B37"	18.9857551256152
168071	"A1b/190W"	"C26"	13.2597769120626
432550	"A1b/101Y"	"E7"	15.379674441342
845599	"A1b/171F"	"C26"	16.1500715141596
853737	"A1b/101Y"	"E7"	15.7256680128733
732193	"A1b/109B"	"B37"	0.287767849396914
275039	"A1b/101Y"	"C26"	24.1709642497488
76769	"A1b/175N"	"B37"	23.5185151410588
381012	"A1b/134D"	"E7"	25.8014964669352
867460	"A1b/194C"	"E7"	6.78694993822361
42579	"A1b/194C"	"C26"	21.6972308292818
673344	"A1b/116T"	"C26"	19.7536613803664
292659	"A1b/154Z"	"C26"	12.8376609559029
247139	"A1b/147R"	"E7"	7.20721811376552
963373	"A1b/103I"	"B37"	12.7214424042925
580843	"A1b/147R"	"B37"	7.66740561928245
996753	"A1b/101Y"	"C26"	27.6995704443091
745772	"A1b/109B"	"B37"	16.9517034961266
968994	"A1b/153K"	"E7"	12.4164457210808
894106	"A1b/106P"	"B37"	19.7365105307378
650760	"A1b/116T"	"E7"	23.7938785527561
892219	"A1b/101Y"	"B37"	21.7161342732562
800660	"A1b/101Y"	"E7"	3.35557906887952
749591	"A1b/153K"	"C26"	1.32209935924038
945782	"A1b/101Y"	"B37"	2.52884823959504
503026	"A1b/180E"	"B37"	14.5156862802276
194789	"A1b/158M"	"B37"	14.3052192134097
404372	"A1b/109B"	"C26"	30.7864586684824
701379	"A1b/103I"	"E7"	18.9489186573124
79202	"A1b/193G"	"B37"	18.619925051916
302305	"A1b/116T"	"E7"	20.3307751339385
962387	"A1b/106P"	"B37"	13.6574081181648
265072	"A1b/134D"	"B37"	31.7555442805586
335142	"A1b/175N"	"E7"	10.7950205718576
987477	"A1b/147R"	"B37"	13.7834647524234
509150	"A1b/158M"	"C26"	19.814266533193
433275	"A1b/103I"	"C26"	25.655697048661
212797	"A1b/166X"	"B37"	6.10638206554015
870307	"A1b/153K"	"E7"	15.3281156919981
876538	"A1b/103I"	"C26"	24.4475473013977
266209	"A1b/171F"	"C26"	12.8845096117024
663207	"A1b/103I"	"B37"	34.1606207298109
272076	"A1b/162A"	"B37"	22.3378211363363
133827	"A1b/153K"	"B37"	24.4580565718673
720250	"A1b/134D"	"B37"	16.8604105315692
698612	"A1b/134D"	"E7"	36.3115681528583
875783	"A1b/153K"	"B37"	12.6320972817981
358807	"A1b/101Y"	"B37"	16.5714431396581
487933	"A1b/194C"	"C26"	12.6347667487193
264397	"A1b/147R"	"B37"	24.4238845726006
50808	"A1b/147R"	"C26"	5.52950443545253
527224	"A1b/103I"	"C26"	9.83377403012433
72911	"A1b/103I"	"B37"	39.0881700147899
592583	"A1b/160J"	"C26"	3.72710651651578
965197	"A1b/101Y"	"E7"	12.1669164011099
997788	"A1b/101Y"	"B37"	32.4159269951196
861062	"A1b/101Y"	"E7"	23.4778132676498
236144	"A1b/134D"	"E7"	14.7755692746803
402709	"A1b/101Y"	"E7"	16.2368291786265
387369	"A1b/106P"	"C26"	21.2507725270043
701616	"A1b/171F"	"E7"	20.2660934058954
173427	"A1b/103I"	"B37"	12.1065721367157
994140	"A1b/103I"	"C26"	27.3368584222348
575686	"A1b/101Y"	"B37"	13.8453474429608
562528	"A1b/103I"	"E7"	16.0064106646737
88226	"A1b/101Y"	"E7"	30.0711251158016
136569	"A1b/153K"	"B37"	19.8695315324621
131741	"A1b/101Y"	"C26"	9.4872315605089
930785	"A1b/103I"	"B37"	31.7383461653599
496019	"A1b/158M"	"B37"	25.0677515721796
220397	"A1b/162A"	"B37"	17.6649025689261
423531	"A1b/103I"	"B37"	22.6439900838384
745669	"A1b/101Y"	"C26"	13.3861403870186
464796	"A1b/109B"	"E7"	30.9476483865588
47364	"A1b/194C"	"E7"	11.3267239786339
229492	"A1b/109B"	"B37"	24.1221494629694
697730	"A1b/154Z"	"C26"	8.43282770182783
638689	"A1b/101Y"	"E7"	23.8809254530583
128494	"A1b/147R"	"E7"	16.6952834044835
473009	"A1b/153K"	"E7"	13.9493210985739
515225	"A1b/101Y"	"B37"	10.6212168673892
542072	"A1b/116T"	"B37"	12.8539428424858
822166	"A1b/147R"	"B37"	16.6493666586814
265792	"A1b/103I"	"C26"	13.4829407124613
875204	"A1b/106P"	"E7"	9.65534616845453
877354	"A1b/109B"	"E7"	13.8211683936878
488537	"A1b/160J"	"C26"	16.3043687650199
45318	"A1b/109B"	"B37"	14.8017611894373
56327	"A1b/103I"	"B37"	37.6335527509312
854485	"A1b/134D"	"E7"	25.6731818000811
640634	"A1b/147R"	"B37"	0.120363230351359
450338	"A1b/101Y"	"B37"	21.9460985420484
217707	"A1b/101Y"	"C26"	17.205937308785
714848	"A1b/101Y"	"B37"	10.3576553138904
187956	"A1b/134D"	"E7"	21.1598317769735
48428	"A1b/162A"	"B37"	22.4009844840249
612633	"A1b/154Z"	"C26"	17.2078181991496
586854	"A1b/101Y"	"B37"	15.8316017051335
585831	"A1b/171F"	"C26"	18.7552851217041
948100	"A1b/175N"	"C26"	1.88671618001536
320303	"A1b/101Y"	"C26"	14.8074485830222
301380	"A1b/101Y"	"C26"	26.8629775448448
971441	"A1b/106P"	"E7"	27.1674028544534
472334	"A1b/101Y"	"B37"	25.4370728548381
158506	"A1b/103I"	"B37"	14.5596688341803
930465	"A1b/106P"	"C26"	15.4338270269623
539802	"A1b/166X"	"E7"	31.8035780748259
653792	"A1b/162A"	"C26"	24.9579541621042
5303	"A1b/175N"	"C26"	17.1809138532106
563164	"A1b/160J"	"C26"	15.4248673570828
473476	"A1b/160J"	"B37"	23.2663064186761
766452	"A1b/101Y"	"C26"	18.1350509433706
686219	"A1b/103I"	"E7"	23.8686230423862
499115	"A1b/194C"	"C26"	24.7763896180914
197710	"A1b/162A"	"C26"	4.96077260845976
544165	"A1b/116T"	"E7"	24.4530466903612
62518	"A1b/103I"	"C26"	9.82428240539382
990460	"A1b/106P"	"C26"	33.2110371926059
200129	"A1b/101Y"	"C26"	23.6482484906915
394261	"A1b/134D"	"B37"	20.3510805874221
93323	"A1b/101Y"	"C26"	33.4278785159684
838349	"A1b/103I"	"E7"	29.7415779806619
613059	"A1b/101Y"	"E7"	14.7475320176814
495087	"A1b/147R"	"B37"	14.8771451630982
355105	"A1b/160J"	"B37"	4.07408677099337
368571	"A1b/160J"	"E7"	19.2416473875175
29173	"A1b/166X"	"C26"	16.0925049837077
906851	"A1b/109B"	"B37"	23.0072152702769
981018	"A1b/171F"	"B37"	20.8014805155788
206184	"A1b/101Y"	"C26"	27.493832198012
676708	"A1b/101Y"	"C26"	24.3831941430008
966637	"A1b/103I"	"E7"	31.8175614575191
628551	"A1b/101Y"	"E7"	31.6445020588201
921039	"A1b/160J"	"E7"	21.7216754664146
241573	"A1b/101Y"	"B37"	30.2561855587812
999518	"A1b/101Y"	"E7"	20.5601949890388
50854	"A1b/194C"	"E7"	17.0216874437767
469749	"A1b/116T"	"E7"	15.839548169591
550664	"A1b/101Y"	"E7"	23.1129644803222
992060	"A1b/103I"	"B37"	14.9150223815727
600613	"A1b/103I"	"B37"	35.3550168591836
977282	"A1b/106P"	"C26"	22.8608240445296
72175	"A1b/103I"	"B37"	15.7010234507901
991113	"A1b/101Y"	"B37"	12.6420502865073
52593	"A1b/109B"	"E7"	21.061686413773
659299	"A1b/103I"	"B37"	17.6891995304204
727863	"A1b/193G"	"C26"	8.7519607457525
460164	"A1b/194C"	"E7"	29.0127455152209
333875	"A1b/109B"	"C26"	16.1238694927827
756751	"A1b/106P"	"E7"	14.7058340598345
72005	"A1b/101Y"	"C26"	22.1665741854785
713339	"A1b/147R"	"E7"	10.0666880706898
697987	"A1b/193G"	"B37"	14.9611743462786
291337	"A1b/134D"	"B37"	12.0466922385434
929634	"A1b/158M"	"C26"	26.5021687380025
666386	"A1b/190W"	"B37"	9.79263190957727
413341	"A1b/154Z"	"C26"	5.82267482102367
999981	"A1b/106P"	"B37"	28.7509346028332
794173	"A1b/103I"	"B37"	16.913482161722
660862	"A1b/116T"	"B37"	27.9877972361476
666323	"A1b/134D"	"C26"	14.4420867087233
307694	"A1b/109B"	"E7"	16.9763072607153
328648	"A1b/162A"	"E7"	16.4688122219998
868269	"A1b/106P"	"B37"	26.5023223243185
36613	"A1b/162A"	"E7"	18.6724885017225
777551	"A1b/171F"	"E7"	35.6358745018257
119977	"A1b/162A"	"E7"	19.4844116466686
996628	"A1b/101Y"	"E7"	20.6494285694393
306857	"A1b/103I"	"E7"	32.1478172825119
719283	"A1b/116T"	"C26"	26.0382324764591
401525	"A1b/101Y"	"C26"	12.7312154587922
219015	"A1b/101Y"	"C26"	13.3472824124017
421316	"A1b/101Y"	"E7"	22.4478573638168
102173	"A1b/187L"	"E7"	13.1264044917803
195310	"A1b/171F"	"C26"	10.8528836510388
459056	"A1b/101Y"	"E7"	17.8151975011355
850648	"A1b/147R"	"C26"	15.8711008634903
46898	"A1b/101Y"	"E7"	17.3117636716603
481822	"A1b/106P"	"E7"	34.081766225572
992148	"A1b/116T"	"B37"	28.8064315299515
282048	"A1b/109B"	"B37"	24.4356561889451
721029	"A1b/106P"	"E7"	22.3586477442617
544440	"A1b/101Y"	"C26"	17.3849528054448
708598	"A1b/103I"	"C26"	15.1793937544671
390327	"A1b/101Y"	"B37"	22.4892276195715
971473	"A1b/101Y"	"E7"	19.3700066645082
463931	"A1b/116T"	"E7"	25.6654858341359
832158	"A1b/171F"	"E7"	36.6437719236491
466712	"A1b/101Y"	"B37"	19.9754463798917
976533	"A1b/158M"	"E7"	28.9246614469712
385016	"A1b/101Y"	"E7"	14.1190228666629
408183	"A1b/101Y"	"C26"	19.1735109994215
224997	"A1b/101Y"	"E7"	27.5135104649879
312599	"A1b/154Z"	"B37"	17.1310757213827
20724	"A1b/103I"	"B37"	30.8019820451366
95439	"A1b/103I"	"C26"	21.1881779734005
774854	"A1b/109B"	"C26"	18.3389022114931
712287	"A1b/101Y"	"B37"	21.4667749649526
894875	"A1b/101Y"	"E7"	24.2781081104927
12900	"A1b/101Y"	"C26"	15.0129259998
324828	"A1b/103I"	"C26"	11.2127256327836
625756	"A1b/101Y"	"C26"	14.2621083240299
443168	"A1b/109B"	"C26"	16.2704664908559
691193	"A1b/101Y"	"C26"	36.6078956956575
900225	"A1b/147R"	"E7"	24.8549551578511
142713	"A1b/166X"	"B37"	23.2149338733955
346313	"A1b/101Y"	"B37"	26.3083795682696
180480	"A1b/106P"	"C26"	22.4644060804055
838636	"A1b/109B"	"E7"	25.3390770487432
893683	"A1b/103I"	"E7"	29.8151776023576
25682	"A1b/101Y"	"E7"	17.3976946281669
507938	"A1b/153K"	"C26"	13.125075770413
736514	"A1b/162A"	"C26"	25.0692631186427
628103	"A1b/160J"	"C26"	8.85683853307873
922093	"A1b/109B"	"B37"	3.1932530034318
352329	"A1b/103I"	"B37"	28.0777187625137
305708	"A1b/101Y"	"C26"	25.4237852369447
619142	"A1b/162A"	"C26"	13.5073866368163
139639	"A1b/154Z"	"C26"	30.3276507205517
553721	"A1b/109B"	"E7"	21.2700334201549
15522	"A1b/160J"	"E7"	29.7562373944909
220641	"A1b/187L"	"B37"	18.3003396274309
467065	"A1b/162A"	"B37"	1.47180329395632
983344	"A1b/106P"	"E7"	24.6380483644143
419879	"A1b/190W"	"C26"	12.9403382509137
622897	"A1b/160J"	"E7"	16.3024504401131
335248	"A1b/116T"	"B37"	14.076046823212
53573	"A1b/101Y"	"E7"	26.6791726304158
194124	"A1b/101Y"	"B37"	24.1749109828572
996969	"A1b/103I"	"E7"	29.3230189631989
256820	"A1b/101Y"	"B37"	20.2781398487235
461231	"A1b/147R"	"E7"	22.3592759525376
45947	"A1b/106P"	"B37"	30.0450997004376
332266	"A1b/101Y"	"C26"	18.1712448360848
28812	"A1b/154Z"	"C26"	19.7228505989723
597199	"A1b/101Y"	"C26"	1.9794045527203
851980	"A1b/116T"	"E7"	26.0964656204956
940825	"A1b/187L"	"E7"	9.68496860719076
67542	"A1b/103I"	"B37"	16.5681317071876
240445	"A1b/109B"	"B37"	8.41359621683405
572994	"A1b/101Y"	"E7"	36.0130641878033
499340	"A1b/103I"	"B37"	18.5079232911377
353139	"A1b/109B"	"B37"	14.6577345767578
413893	"A1b/147R"	"E7"	17.0730257561213
782816	"A1b/103I"	"B37"	24.0353898413293
497924	"A1b/134D"	"C26"	18.8457246870654
96181	"A1b/103I"	"B37"	16.8423434614629
621906	"A1b/154Z"	"E7"	12.499879537551
479364	"A1b/116T"	"E7"	15.5182698742651
723296	"A1b/193G"	"E7"	21.1468297399125
236932	"A1b/106P"	"E7"	14.800117086285
114933	"A1b/171F"	"B37"	31.0462756856226
596687	"A1b/101Y"	"B37"	26.993833597243
315463	"A1b/101Y"	"B37"	32.1957976259941
128192	"A1b/106P"	"B37"	28.3897682828102
254269	"A1b/116T"	"B37"	32.3619760762679
313503	"A1b/101Y"	"E7"	16.7152926364111
684608	"A1b/101Y"	"E7"	9.21575344853133
656582	"A1b/101Y"	"B37"	14.0615213066013
15109	"A1b/171F"	"C26"	7.19916008256108
605912	"A1b/101Y"	"E7"	16.0941268491087
618797	"A1b/180E"	"C26"	4.11060981320037
309791	"A1b/166X"	"B37"	22.7370093655388
212544	"A1b/193G"	"B37"	6.5739705822498
93491	"A1b/101Y"	"B37"	19.1602274604116
287905	"A1b/101Y"	"E7"	22.9359401349984
632601	"A1b/103I"	"B37"	29.7618457467875
567959	"A1b/106P"	"E7"	33.6650989253294
465383	"A1b/101Y"	"E7"	15.773450654432
1821	"A1b/101Y"	"E7"	23.0969458039139
228033	"A1b/103I"	"E7"	22.2946517713028
994479	"A1b/103I"	"C26"	33.3021827191399
362979	"A1b/103I"	"C26"	16.2060845909391
885702	"A1b/101Y"	"B37"	28.6499223310054
440114	"A1b/103I"	"E7"	25.3785169108595
209974	"A1b/153K"	"B37"	4.47817332145211
747803	"A1b/160J"	"C26"	2.79544247700093
941196	"A1b/101Y"	"C26"	27.5697603275254
377836	"A1b/101Y"	"E7"	30.800775500779
125098	"A1b/134D"	"B37"	14.8983924038532
371666	"A1b/106P"	"E7"	32.294973504396
925554	"A1b/194C"	"C26"	11.3842602252427
940209	"A1b/101Y"	"B37"	23.900730043274
272742	"A1b/147R"	"C26"	1.80369226461832
945499	"A1b/109B"	"C26"	18.2039750394641
567683	"A1b/154Z"	"C26"	6.82350696851659
338344	"A1b/103I"	"B37"	29.9206467234578
652952	"A1b/154Z"	"C26"	23.6141698487907
121460	"A1b/101Y"	"B37"	16.1599001458033
127529	"A1b/116T"	"C26"	19.5440240420697
546954	"A1b/194C"	"B37"	19.8696476825198
134724	"A1b/101Y"	"C26"	25.3055636642146
312222	"A1b/134D"	"B37"	14.9859538523281
648135	"A1b/160J"	"E7"	30.4191602857765
129906	"A1b/103I"	"B37"	42.6711594639517
379354	"A1b/147R"	"C26"	4.95114406476335
914576	"A1b/103I"	"E7"	25.1230913366662
801349	"A1b/171F"	"E7"	21.9400085246804
689167	"A1b/109B"	"E7"	21.1693655176146
927487	"A1b/147R"	"C26"	10.6755103803456
334761	"A1b/101Y"	"C26"	17.1383113689483
242004	"A1b/103I"	"E7"	21.2925445459746
283364	"A1b/103I"	"E7"	38.9281875013432
4226	"A1b/101Y"	"E7"	11.8519904170401
676995	"A1b/153K"	"E7"	20.569315927418
212297	"A1b/160J"	"C26"	5.75249982156964
693199	"A1b/116T"	"C26"	18.8381623301199
797653	"A1b/101Y"	"C26"	10.0057449146113
701365	"A1b/101Y"	"B37"	8.20086652712259
675204	"A1b/101Y"	"B37"	26.6510285246218
568872	"A1b/166X"	"E7"	10.1194197584879
98297	"A1b/103I"	"C26"	28.3326486947326
656377	"A1b/190W"	"E7"	24.4163447841272
393247	"A1b/101Y"	"C26"	11.8402798203934
86748	"A1b/103I"	"E7"	14.8865305632899
983714	"A1b/166X"	"B37"	23.2289579918425
165200	"A1b/109B"	"E7"	17.7274922978344
820317	"A1b/109B"	"C26"	16.2177899824927
558976	"A1b/160J"	"E7"	3.86257388117272
344526	"A1b/106P"	"C26"	30.2841471239846
941004	"A1b/171F"	"E7"	33.6077125315758
605779	"A1b/103I"	"C26"	31.8097854611968
751830	"A1b/101Y"	"E7"	29.5974608700875
101659	"A1b/103I"	"B37"	9.71673104776391
315717	"A1b/101Y"	"B37"	30.2193142134756
304476	"A1b/162A"	"B37"	27.3392143710357
701906	"A1b/101Y"	"E7"	25.9720750787914
535277	"A1b/103I"	"B37"	22.0574131528229
176407	"A1b/109B"	"E7"	2.13317484866693
733995	"A1b/101Y"	"E7"	22.1756279627366
878909	"A1b/180E"	"C26"	21.0387069857037
998122	"A1b/180E"	"C26"	18.2409469124449
153225	"A1b/101Y"	"B37"	1.98080561749277
731909	"A1b/101Y"	"E7"	29.0623900082325
715202	"A1b/153K"	"E7"	14.6872440854513
587308	"A1b/134D"	"B37"	13.7901072202252
801196	"A1b/116T"	"C26"	13.4575362412526
866151	"A1b/116T"	"B37"	16.6328039761721
878497	"A1b/187L"	"C26"	0.892155050765723
738606	"A1b/109B"	"E7"	25.2150813593261
668816	"A1b/160J"	"B37"	17.531775077727
544652	"A1b/101Y"	"B37"	3.22360954426176
649019	"A1b/153K"	"C26"	19.1600538239743
855357	"A1b/106P"	"E7"	23.0118561452122
63809	"A1b/187L"	"B37"	9.70172740410014
749617	"A1b/101Y"	"C26"	17.8082490563392
790523	"A1b/171F"	"E7"	34.7478567187663
289366	"A1b/101Y"	"E7"	17.9188673788941
543230	"A1b/116T"	"E7"	18.8553285193907
233153	"A1b/134D"	"E7"	30.1219208516039
626991	"A1b/180E"	"E7"	23.8102534029425
491954	"A1b/106P"	"E7"	13.9419704680926
600732	"A1b/109B"	"B37"	15.5232790877207
706132	"A1b/175N"	"E7"	31.1778762834731
558734	"A1b/106P"	"C26"	17.6214131348415
707128	"A1b/190W"	"E7"	21.232699007127
148003	"A1b/180E"	"E7"	14.2337144975098
724844	"A1b/147R"	"C26"	18.8836316382553
823833	"A1b/101Y"	"B37"	20.0728495063632
194458	"A1b/106P"	"C26"	10.3729893266704
863716	"A1b/106P"	"C26"	9.34052696291607
899301	"A1b/103I"	"B37"	27.4373529618084
462989	"A1b/101Y"	"E7"	1.52280431613326
36136	"A1b/101Y"	"E7"	30.9245240596529
768971	"A1b/160J"	"E7"	23.1652127000663
810174	"A1b/160J"	"E7"	30.3885288328286
660766	"A1b/103I"	"B37"	26.8005140788627
636684	"A1b/166X"	"C26"	14.9893637948019
629506	"A1b/101Y"	"E7"	15.7529040962125
107432	"A1b/158M"	"C26"	15.717376052397
203811	"A1b/106P"	"C26"	17.9592097934899
7433	"A1b/101Y"	"E7"	35.3231338475419
468565	"A1b/101Y"	"E7"	17.8562502347265
764195	"A1b/103I"	"B37"	28.9054952063387
481120	"A1b/103I"	"E7"	12.8533821479425
664720	"A1b/171F"	"B37"	26.3113243790479
591073	"A1b/103I"	"E7"	18.6923831617103
994266	"A1b/160J"	"E7"	18.0209286058264
912471	"A1b/109B"	"E7"	27.7606879285883
729296	"A1b/101Y"	"B37"	9.93874330433125
73824	"A1b/101Y"	"C26"	23.6693068371367
570910	"A1b/103I"	"E7"	21.2274334356689
742091	"A1b/101Y"	"E7"	12.883271810438
905060	"A1b/101Y"	"E7"	18.4619299724069
110006	"A1b/153K"	"B37"	10.5868714064764
633002	"A1b/193G"	"C26"	15.919803776343
533306	"A1b/116T"	"E7"	14.4606653738556
59873	"A1b/106P"	"C26"	27.9943329442532
160245	"A1b/106P"	"C26"	23.1216611831415
327935	"A1b/103I"	"E7"	23.109019918195
892771	"A1b/103I"	"B37"	21.5898901131056
204978	"A1b/106P"	"C26"	24.3286724254361
15300	"A1b/109B"	"C26"	1.098735664631
890540	"A1b/101Y"	"E7"	27.3465759363421
113729	"A1b/190W"	"C26"	10.4767109837689
30074	"A1b/103I"	"B37"	23.6587537056478
512434	"A1b/101Y"	"B37"	13.5416405435286
428873	"A1b/158M"	"B37"	43.9322776265943
902364	"A1b/109B"	"B37"	15.6586836716214
925557	"A1b/153K"	"B37"	15.0800741096517
795315	"A1b/103I"	"B37"	24.1796034296047
742958	"A1b/101Y"	"E7"	23.5006418437364
324130	"A1b/106P"	"B37"	24.5645190201707
253283	"A1b/101Y"	"E7"	33.1208726833727
17772	"A1b/101Y"	"B37"	18.7463575252806
67099	"A1b/101Y"	"E7"	23.7383517095381
189089	"A1b/101Y"	"E7"	19.4149895143919
422643	"A1b/160J"	"C26"	25.4522383955113
601224	"A1b/103I"	"B37"	7.06697956741386
50922	"A1b/109B"	"C26"	1.45815601153299
261496	"A1b/101Y"	"B37"	29.160588619624
38442	"A1b/103I"	"E7"	20.0931908926666
919605	"A1b/180E"	"E7"	19.5960053728788
479717	"A1b/106P"	"B37"	14.6083547417982
877891	"A1b/101Y"	"B37"	32.0685934346427
155190	"A1b/116T"	"B37"	18.9001902463158
142948	"A1b/101Y"	"B37"	18.5191135839414
764073	"A1b/106P"	"C26"	14.5515392733738
157303	"A1b/162A"	"B37"	32.4440611492646
399330	"A1b/103I"	"C26"	13.2990762642547
141084	"A1b/103I"	"B37"	26.2110218317376
539301	"A1b/101Y"	"C26"	24.9057313036615
135059	"A1b/103I"	"E7"	23.9480824769807
706640	"A1b/158M"	"C26"	20.8490812040326
882888	"A1b/147R"	"B37"	8.13674855103175
383626	"A1b/101Y"	"C26"	13.7819282847067
482338	"A1b/171F"	"E7"	23.1595156134922
877175	"A1b/116T"	"B37"	27.9576646680437
165421	"A1b/134D"	"E7"	15.7868148158969
618748	"A1b/109B"	"B37"	17.7792805416526
110886	"A1b/134D"	"B37"	16.9082737554629
421490	"A1b/153K"	"E7"	22.1370465536978
428775	"A1b/103I"	"E7"	22.3368857318085
817670	"A1b/101Y"	"C26"	18.5572789837993
140479	"A1b/101Y"	"B37"	8.74339196533961
378939	"A1b/153K"	"B37"	23.3923784662928
996200	"A1b/166X"	"C26"	17.4136810346041
733109	"A1b/106P"	"C26"	30.9603057105873
475889	"A1b/154Z"	"E7"	22.583728661487
464389	"A1b/101Y"	"B37"	40.0298346864166
791778	"A1b/103I"	"E7"	13.8764633442484
245708	"A1b/193G"	"C26"	23.8780457439915
413440	"A1b/180E"	"C26"	8.39707302655733
6638	"A1b/194C"	"C26"	18.7159226825461
805220	"A1b/109B"	"B37"	16.3387063119439
210366	"A1b/162A"	"E7"	25.1225079837995
445367	"A1b/134D"	"C26"	15.9837147152474
306596	"A1b/187L"	"C26"	27.1850355413404
629430	"A1b/101Y"	"C26"	7.23692165836165
202022	"A1b/101Y"	"E7"	9.80931404060536
241117	"A1b/194C"	"B37"	16.7414170384199
531277	"A1b/106P"	"E7"	26.4534555835431
408558	"A1b/101Y"	"B37"	16.1377642505053
649313	"A1b/101Y"	"C26"	24.4443616434365
778278	"A1b/101Y"	"B37"	24.7617126323128
555765	"A1b/106P"	"E7"	14.4982975952688
77610	"A1b/171F"	"C26"	22.3460524085208
726907	"A1b/103I"	"B37"	13.4576445796421
632813	"A1b/109B"	"E7"	26.0038068796425
744013	"A1b/103I"	"E7"	17.269581460078
901619	"A1b/101Y"	"C26"	13.2219366981437
147422	"A1b/101Y"	"E7"	12.7872253828844
339169	"A1b/180E"	"E7"	12.9888219941089
527704	"A1b/116T"	"C26"	19.5166717705047
690239	"A1b/101Y"	"B37"	23.6156466770372
791800	"A1b/153K"	"B37"	19.0576374769456
169558	"A1b/103I"	"B37"	24.0820817297372
273491	"A1b/109B"	"B37"	23.8751438204861
600198	"A1b/103I"	"C26"	18.7072470772023
440825	"A1b/101Y"	"E7"	19.9316044398937
971638	"A1b/166X"	"B37"	18.327231043521
25970	"A1b/116T"	"B37"	27.6210467470638
20317	"A1b/162A"	"C26"	37.2477018142815
817191	"A1b/190W"	"E7"	17.6882835011687
571396	"A1b/101Y"	"E7"	13.0849280993585
883755	"A1b/103I"	"C26"	23.2871059082385
956108	"A1b/190W"	"B37"	26.8185025191668
593562	"A1b/106P"	"B37"	22.0967170183884
980703	"A1b/109B"	"E7"	11.8641954902358
901960	"A1b/101Y"	"C26"	29.5950191598256
804569	"A1b/154Z"	"B37"	23.6670199216772
412289	"A1b/101Y"	"E7"	12.1232873244639
631865	"A1b/106P"	"B37"	33.9129393767028
238546	"A1b/101Y"	"C26"	16.2901314629353
545603	"A1b/187L"	"B37"	16.8110083253785
888583	"A1b/116T"	"B37"	22.0145775631423
350685	"A1b/190W"	"B37"	29.8677190691387
216644	"A1b/134D"	"B37"	22.2335638567142
613687	"A1b/158M"	"B37"	22.2156405508263
206483	"A1b/101Y"	"C26"	25.7853275257513
288831	"A1b/101Y"	"E7"	23.7153629183458
827639	"A1b/147R"	"C26"	10.4174484652634
470878	"A1b/103I"	"C26"	15.4021737501926
7524	"A1b/116T"	"E7"	18.3164086674852
117241	"A1b/153K"	"C26"	6.20315981070739
206415	"A1b/103I"	"C26"	18.4938857263217
781958	"A1b/134D"	"C26"	28.0630351666631
254681	"A1b/109B"	"E7"	17.504556145033
692650	"A1b/154Z"	"E7"	19.8088356563241
23965	"A1b/103I"	"C26"	25.5075699630064
515191	"A1b/101Y"	"C26"	13.6879672122322
156218	"A1b/103I"	"E7"	19.7854720914385
868284	"A1b/103I"	"E7"	36.5537208832172
256053	"A1b/106P"	"E7"	21.0791743231964
497655	"A1b/103I"	"B37"	8.72092274823521
690648	"A1b/147R"	"C26"	18.7431781230225
626586	"A1b/101Y"	"B37"	15.3259536391131
652051	"A1b/153K"	"B37"	8.88544327765487
301097	"A1b/116T"	"C26"	25.5736537990759
191402	"A1b/116T"	"C26"	11.6733490165386
893434	"A1b/160J"	"C26"	24.7577730186836
296455	"A1b/109B"	"E7"	13.86690809181
944643	"A1b/101Y"	"E7"	4.94155248438103
276501	"A1b/106P"	"B37"	26.0143923216075
40296	"A1b/147R"	"B37"	27.2955549180964
325503	"A1b/103I"	"B37"	27.5206058918679
280657	"A1b/101Y"	"E7"	28.3445357052603
749875	"A1b/103I"	"C26"	13.5080506071304
946969	"A1b/101Y"	"B37"	13.3156251066222
27846	"A1b/103I"	"B37"	29.0122900903769
740209	"A1b/101Y"	"B37"	34.1961682559578
786497	"A1b/175N"	"C26"	19.5087500093018
897629	"A1b/134D"	"C26"	19.121536657343
142574	"A1b/153K"	"B37"	18.2643823942627
623971	"A1b/103I"	"E7"	29.9515270027372
836471	"A1b/116T"	"E7"	22.2854389460439
500631	"A1b/116T"	"C26"	27.2645704202178
370755	"A1b/106P"	"E7"	23.1839205810533
272961	"A1b/103I"	"C26"	25.7576274109899
619410	"A1b/101Y"	"C26"	22.8672673986769
629217	"A1b/109B"	"E7"	20.3506794860794
76438	"A1b/109B"	"C26"	14.4467808564554
978522	"A1b/103I"	"E7"	26.1349083317763
317894	"A1b/187L"	"E7"	20.1677966614123
49463	"A1b/101Y"	"C26"	16.6385120108608
229248	"A1b/147R"	"E7"	26.7213296964147
325854	"A1b/134D"	"E7"	19.2503657708576
158797	"A1b/101Y"	"B37"	10.5946750442923
975715	"A1b/103I"	"B37"	14.8377386432986
788762	"A1b/103I"	"E7"	25.550560689686
592376	"A1b/154Z"	"B37"	13.8868569516855
276796	"A1b/160J"	"E7"	18.8534103081172
688250	"A1b/193G"	"C26"	7.42675022232717
278966	"A1b/101Y"	"E7"	3.99311320151516
125696	"A1b/106P"	"C26"	23.8435600794108
343751	"A1b/103I"	"C26"	11.5247221891348
170681	"A1b/154Z"	"B37"	16.8503431427924
998299	"A1b/103I"	"C26"	17.2260724948466
729521	"A1b/106P"	"E7"	7.64566040013051
12210	"A1b/103I"	"E7"	6.99721196046801
989191	"A1b/101Y"	"E7"	20.3098906905187
17996	"A1b/106P"	"E7"	19.4573238501898
858458	"A1b/101Y"	"E7"	35.352433604789
26857	"A1b/103I"	"C26"	16.3444330093885
889169	"A1b/158M"	"B37"	36.1095964674056
758558	"A1b/116T"	"E7"	21.6346238220624
485215	"A1b/103I"	"B37"	26.6690549678632
509838	"A1b/101Y"	"C26"	6.55296106591828
455871	"A1b/134D"	"E7"	15.8963474632537
430190	"A1b/103I"	"C26"	13.9929347146792
134163	"A1b/190W"	"C26"	7.44782836619694
702317	"A1b/193G"	"B37"	13.6104714894032
8857	"A1b/187L"	"C26"	8.50400850988565
678932	"A1b/101Y"	"E7"	3.74538383240457
898215	"A1b/103I"	"C26"	12.4223136933508
789934	"A1b/101Y"	"B37"	25.1053829981679
218537	"A1b/106P"	"B37"	33.6898494336255
940217	"A1b/103I"	"B37"	29.8882684167164
670854	"A1b/101Y"	"E7"	13.52781136375
336438	"A1b/106P"	"B37"	24.6613669981857
591200	"A1b/158M"	"E7"	25.3996619873571
834194	"A1b/160J"	"B37"	22.0770059707389
184859	"A1b/158M"	"E7"	37.1378166979532
411980	"A1b/116T"	"E7"	13.450742158552
39781	"A1b/101Y"	"C26"	18.852820814267
272616	"A1b/103I"	"B37"	23.9861335478964
242471	"A1b/158M"	"E7"	35.5556007469143
181771	"A1b/103I"	"B37"	14.6256237857303
929279	"A1b/101Y"	"C26"	15.0657384382779
748382	"A1b/134D"	"E7"	18.2859237422154
605739	"A1b/116T"	"C26"	19.7331569797352
350339	"A1b/101Y"	"C26"	13.0247072756827
696999	"A1b/103I"	"C26"	22.9542886641959
630381	"A1b/101Y"	"C26"	22.6922500626892
604578	"A1b/103I"	"E7"	19.9601098966794
226654	"A1b/101Y"	"B37"	14.2288998061784
897859	"A1b/154Z"	"E7"	23.9992799847529
901133	"A1b/171F"	"B37"	38.8788024152482
863856	"A1b/106P"	"E7"	21.1644269645731
316831	"A1b/180E"	"C26"	13.4686763487158
22136	"A1b/166X"	"B37"	22.2450968564025
692678	"A1b/154Z"	"E7"	24.3781693881558
14762	"A1b/153K"	"B37"	19.0687646424623
902508	"A1b/153K"	"E7"	6.69062749754812
152315	"A1b/134D"	"B37"	22.8792016473111
627774	"A1b/101Y"	"C26"	27.9655571728704
320155	"A1b/101Y"	"B37"	9.54649646243197
87455	"A1b/101Y"	"E7"	31.5039930389583
717759	"A1b/109B"	"B37"	19.9554639806429
625240	"A1b/116T"	"B37"	11.9260418502063
493194	"A1b/101Y"	"E7"	27.1016012393214
697501	"A1b/187L"	"B37"	22.8906753888941
456794	"A1b/103I"	"B37"	23.5290349580047
452997	"A1b/116T"	"B37"	18.4615855826741
639475	"A1b/101Y"	"C26"	8.34798051391055
707826	"A1b/109B"	"C26"	3.88164253033403
950075	"A1b/187L"	"B37"	14.2753481844936
223254	"A1b/153K"	"E7"	13.0715961942761
890890	"A1b/101Y"	"C26"	15.1416621189693
15939	"A1b/101Y"	"B37"	24.1484091661039
286166	"A1b/106P"	"E7"	32.8652124154208
448582	"A1b/153K"	"B37"	16.4841671913362
224812	"A1b/109B"	"E7"	36.3997166453901
90711	"A1b/101Y"	"C26"	16.6049191866174
650008	"A1b/116T"	"C26"	33.7282369584548
808461	"A1b/103I"	"C26"	14.4249519488706
814666	"A1b/134D"	"B37"	25.9703150863823
721446	"A1b/101Y"	"B37"	17.1747083616056
241676	"A1b/103I"	"E7"	37.5039744846456
649580	"A1b/106P"	"B37"	17.6256117606406
114151	"A1b/190W"	"C26"	32.013053206065
973674	"A1b/134D"	"B37"	21.8444737403022
210845	"A1b/106P"	"C26"	16.3526395730472
941230	"A1b/134D"	"E7"	10.878386498468
951732	"A1b/101Y"	"B37"	21.6688253315647
176480	"A1b/116T"	"C26"	25.0413173448441
281085	"A1b/193G"	"E7"	22.2222672900983
488763	"A1b/175N"	"B37"	33.136348444297
239715	"A1b/180E"	"C26"	3.44761093103705
408701	"A1b/175N"	"E7"	21.6527335210102
515112	"A1b/101Y"	"B37"	21.8195144249486
139557	"A1b/101Y"	"E7"	21.9527809565662
351645	"A1b/154Z"	"B37"	11.2487756876802
515246	"A1b/103I"	"E7"	18.3004154865528
11770	"A1b/101Y"	"B37"	21.9618249488682
844340	"A1b/103I"	"E7"	31.9941823011722
828928	"A1b/147R"	"B37"	11.9413453255357
424700	"A1b/154Z"	"E7"	17.4959055403894
260284	"A1b/109B"	"B37"	3.20218527263064
672699	"A1b/101Y"	"B37"	24.4926578696653
470620	"A1b/103I"	"B37"	22.8811323947907
282971	"A1b/154Z"	"C26"	15.4700077913027
13989	"A1b/101Y"	"B37"	27.2144640232391
226700	"A1b/101Y"	"C26"	24.8320423916075
21184	"A1b/153K"	"E7"	10.0985410920677
456864	"A1b/101Y"	"E7"	21.635608390221
263860	"A1b/103I"	"C26"	18.4936563023504
55486	"A1b/101Y"	"C26"	13.3121473306748
673597	"A1b/103I"	"E7"	19.6415522205168
177277	"A1b/166X"	"C26"	10.7210196685387
304696	"A1b/103I"	"C26"	18.5593001834919
472109	"A1b/109B"	"E7"	12.932445593609
957924	"A1b/158M"	"B37"	29.9793439771535
711271	"A1b/101Y"	"B37"	30.7144496326764
193326	"A1b/101Y"	"B37"	22.5399696720223
201684	"A1b/101Y"	"B37"	27.9683376542791
147121	"A1b/116T"	"E7"	38.0655853623218
854524	"A1b/103I"	"B37"	3.31991403458134
287341	"A1b/101Y"	"E7"	21.0197587079176
303825	"A1b/101Y"	"B37"	28.8624530392415
937650	"A1b/187L"	"C26"	1.87116021727231
214879	"A1b/101Y"	"C26"	18.3708885319308
340206	"A1b/106P"	"B37"	27.5689851249754
786970	"A1b/103I"	"E7"	23.1030894921814
570607	"A1b/103I"	"C26"	24.4471189647588
838011	"A1b/103I"	"C26"	22.8018411468517
688608	"A1b/103I"	"E7"	9.12919201515047
681656	"A1b/101Y"	"C26"	18.6231953400633
874529	"A1b/103I"	"B37"	32.0854494840339
243844	"A1b/134D"	"C26"	13.9284626818321
884907	"A1b/101Y"	"E7"	25.6042956579744
724262	"A1b/109B"	"B37"	19.9935254989724
186481	"A1b/166X"	"E7"	13.1355838381954
790961	"A1b/134D"	"B37"	30.4247430616719
466729	"A1b/101Y"	"B37"	16.5334221241041
134972	"A1b/134D"	"B37"	12.6767685904244
627894	"A1b/154Z"	"C26"	8.91226381900027
986215	"A1b/101Y"	"C26"	12.4501618296661
96130	"A1b/109B"	"E7"	17.7218652207652
559825	"A1b/109B"	"B37"	33.299500435643
21887	"A1b/106P"	"C26"	16.957092679976
280317	"A1b/101Y"	"E7"	9.48888996286475
959737	"A1b/106P"	"B37"	21.7570249286165
236505	"A1b/101Y"	"C26"	16.6789133513355
671515	"A1b/101Y"	"E7"	30.6889762640994
995196	"A1b/101Y"	"C26"	20.2084333927451
432293	"A1b/106P"	"C26"	24.4348782248015
783341	"A1b/106P"	"C26"	18.9308060381969
244795	"A1b/160J"	"E7"	3.6895230129088
776341	"A1b/101Y"	"C26"	26.4064118887344
837762	"A1b/147R"	"E7"	12.4659659056761
488311	"A1b/101Y"	"C26"	21.6624339335042
398741	"A1b/153K"	"C26"	6.09001329985895
942692	"A1b/147R"	"C26"	26.4881893825104
239927	"A1b/147R"	"E7"	26.5122030250979
933528	"A1b/109B"	"E7"	25.2219789058233
63900	"A1b/101Y"	"C26"	7.17422158322459
979065	"A1b/103I"	"C26"	15.5695988963426
976368	"A1b/116T"	"E7"	24.2656434476163
819251	"A1b/187L"	"E7"	5.3739879256124
824984	"A1b/154Z"	"C26"	11.8939325138769
533756	"A1b/109B"	"B37"	9.30833114543568
942732	"A1b/101Y"	"E7"	25.2011985414577
531084	"A1b/101Y"	"C26"	9.86225634364307
501807	"A1b/116T"	"E7"	30.2175211591081
595924	"A1b/116T"	"C26"	26.3575200317003
905895	"A1b/101Y"	"C26"	5.22595348556918
675331	"A1b/103I"	"E7"	31.4219242209038
19208	"A1b/101Y"	"B37"	11.3644889818143
744758	"A1b/134D"	"B37"	35.5298052133106
826449	"A1b/160J"	"E7"	29.8426679296241
585069	"A1b/134D"	"E7"	18.9576070599853
154287	"A1b/162A"	"C26"	10.1782729381398
569745	"A1b/158M"	"E7"	23.0366613474639
688707	"A1b/154Z"	"E7"	21.8988711773152
975117	"A1b/134D"	"E7"	11.1969070604142
648109	"A1b/194C"	"E7"	8.20871837396808
165219	"A1b/160J"	"B37"	33.1486437183933
143720	"A1b/103I"	"E7"	28.1758376940849
676111	"A1b/162A"	"B37"	14.9124558886072
998870	"A1b/101Y"	"C26"	20.2093468362055
578789	"A1b/171F"	"B37"	26.5635709744464
668976	"A1b/103I"	"C26"	11.7684011052325
54122	"A1b/106P"	"C26"	11.4687301900393
820325	"A1b/101Y"	"C26"	23.2823768847007
412734	"A1b/103I"	"C26"	11.2961591355582
476616	"A1b/109B"	"C26"	16.1785840856941
709340	"A1b/109B"	"B37"	28.0742287962013
385868	"A1b/147R"	"C26"	16.3968342740462
469513	"A1b/116T"	"B37"	36.7134281133586
192544	"A1b/106P"	"C26"	19.7671743189628
563263	"A1b/101Y"	"B37"	10.2579020481702
553297	"A1b/109B"	"C26"	10.8232741857453
616643	"A1b/116T"	"E7"	18.4200371025189
653799	"A1b/106P"	"B37"	13.1908434021233
945894	"A1b/106P"	"C26"	17.1981665613725
666841	"A1b/180E"	"C26"	34.770054389896
956365	"A1b/166X"	"E7"	17.2960239331098
750141	"A1b/103I"	"E7"	21.7694971760654
247367	"A1b/103I"	"C26"	23.4105166456691
757522	"A1b/180E"	"B37"	20.3003505165464
202711	"A1b/109B"	"C26"	7.42808712363136
429641	"A1b/101Y"	"E7"	19.5872960420877
621180	"A1b/116T"	"E7"	12.4302443691068
227161	"A1b/147R"	"E7"	29.541786664516
708417	"A1b/116T"	"C26"	21.3667960449515
54357	"A1b/158M"	"B37"	23.5919942079817
145555	"A1b/101Y"	"E7"	18.0707473188506
817186	"A1b/103I"	"B37"	27.7490507554179
964672	"A1b/193G"	"E7"	15.3135723807705
478225	"A1b/101Y"	"E7"	5.75612615268784
114250	"A1b/175N"	"E7"	14.8305014190874
527060	"A1b/154Z"	"B37"	18.8641930759391
345805	"A1b/101Y"	"B37"	19.2751554597856
23862	"A1b/106P"	"C26"	26.329051510482
594292	"A1b/154Z"	"C26"	18.3917117697346
966607	"A1b/103I"	"E7"	20.4191422486063
479251	"A1b/160J"	"E7"	13.7720712415483
647057	"A1b/106P"	"E7"	35.3410632494456
659313	"A1b/103I"	"B37"	23.9213756551447
485245	"A1b/134D"	"B37"	5.26198403829693
800415	"A1b/193G"	"C26"	30.5398405370146
26984	"A1b/103I"	"C26"	35.0018548245121
60070	"A1b/101Y"	"B37"	20.9950006612059
348825	"A1b/101Y"	"B37"	3.12663961365954
36781	"A1b/101Y"	"E7"	24.1430643142472
333567	"A1b/158M"	"B37"	28.1745403267964
500788	"A1b/103I"	"E7"	23.3185538306123
352101	"A1b/103I"	"E7"	6.25914388848362
137817	"A1b/101Y"	"C26"	8.02964663856147
266480	"A1b/106P"	"E7"	18.5965287212101
324604	"A1b/101Y"	"C26"	14.8233941484214
222421	"A1b/175N"	"B37"	18.0263699360117
604518	"A1b/109B"	"B37"	18.8472319431547
612575	"A1b/101Y"	"C26"	27.8998961395739
23846	"A1b/154Z"	"B37"	11.4859147206471
589517	"A1b/193G"	"B37"	24.6125002945339
666815	"A1b/101Y"	"C26"	15.0556262175527
977509	"A1b/101Y"	"B37"	15.795631754953
686240	"A1b/153K"	"C26"	0.825697692284338
996685	"A1b/103I"	"B37"	17.8469002292811
869607	"A1b/109B"	"E7"	9.38443230493485
850704	"A1b/103I"	"E7"	20.3361911226469
336020	"A1b/101Y"	"C26"	9.66101578940153
524113	"A1b/103I"	"C26"	11.8516627176445
230747	"A1b/190W"	"E7"	12.2067614997459
566436	"A1b/101Y"	"B37"	30.9417119300952
878721	"A1b/193G"	"B37"	14.5586510515426
316396	"A1b/103I"	"E7"	31.3190309710519
165242	"A1b/103I"	"B37"	26.2502907926135
27536	"A1b/106P"	"B37"	21.5384999804407
991303	"A1b/175N"	"C26"	20.3748821250896
853056	"A1b/103I"	"E7"	16.0828768961237
416296	"A1b/103I"	"C26"	10.6069966944081
435126	"A1b/147R"	"B37"	11.9898301333208
575991	"A1b/101Y"	"B37"	22.4334046344077
83104	"A1b/101Y"	"B37"	28.0994733029966
483923	"A1b/162A"	"C26"	28.2694835629711
669145	"A1b/106P"	"B37"	11.1859032671347
788175	"A1b/106P"	"B37"	30.3917499457873
490700	"A1b/101Y"	"B37"	23.3583932082153
9830	"A1b/101Y"	"E7"	6.09077890802496
717298	"A1b/101Y"	"B37"	23.8355021876201
399832	"A1b/101Y"	"B37"	11.4111697333079
841195	"A1b/116T"	"C26"	31.087164430711
758823	"A1b/103I"	"E7"	16.5637799440386
748766	"A1b/134D"	"C26"	19.4205126120332
522284	"A1b/116T"	"C26"	27.9399457396731
355335	"A1b/103I"	"C26"	22.367112728222
659194	"A1b/160J"	"C26"	18.7602399071517
536312	"A1b/109B"	"C26"	5.23503566408458
267655	"A1b/103I"	"B37"	26.5424268677421
322592	"A1b/103I"	"C26"	18.429219768726
776539	"A1b/106P"	"C26"	12.9929095676084
746759	"A1b/153K"	"B37"	20.0942524142731
429979	"A1b/101Y"	"B37"	33.5048072021271
332947	"A1b/153K"	"E7"	19.3616139639586
475147	"A1b/106P"	"C26"	17.0348452917521
229915	"A1b/103I"	"C26"	19.8997964043507
571553	"A1b/147R"	"B37"	20.6446768752368
489542	"A1b/153K"	"C26"	16.5251228550924
362670	"A1b/101Y"	"C26"	20.4871210915872
509096	"A1b/101Y"	"C26"	9.71211449564519
97561	"A1b/101Y"	"E7"	17.8453106434542
764255	"A1b/180E"	"B37"	15.1402245833321
396098	"A1b/193G"	"E7"	24.9911480851566
954545	"A1b/193G"	"B37"	10.592633111331
701416	"A1b/103I"	"C26"	11.8308463512449
767169	"A1b/106P"	"C26"	15.4611086472285
276553	"A1b/101Y"	"B37"	27.4061713814731
693848	"A1b/103I"	"B37"	18.397699052572
514402	"A1b/180E"	"B37"	21.8799537369975
856440	"A1b/103I"	"E7"	21.1873163089107
419296	"A1b/109B"	"E7"	26.0969144706079
960613	"A1b/101Y"	"B37"	15.1887714165775
137815	"A1b/147R"	"E7"	12.3425519814125
63902	"A1b/153K"	"E7"	18.2475078046469
787449	"A1b/103I"	"B37"	9.92913879788697
972089	"A1b/103I"	"B37"	8.67494991651365
909724	"A1b/166X"	"E7"	14.8978794288004
886262	"A1b/134D"	"E7"	16.8903441660186
359565	"A1b/134D"	"B37"	40.1218133025195
907618	"A1b/101Y"	"B37"	27.8507156421203
246273	"A1b/103I"	"E7"	20.7792386251094
129257	"A1b/101Y"	"B37"	19.7402310647367
924329	"A1b/103I"	"E7"	18.7867033613126
283662	"A1b/101Y"	"E7"	14.0789640552453
467266	"A1b/154Z"	"E7"	20.4721215686012
146200	"A1b/153K"	"C26"	9.06012479082054
495693	"A1b/101Y"	"B37"	33.8726826271735
830816	"A1b/134D"	"E7"	13.3742246800061
240469	"A1b/101Y"	"B37"	16.6620951135247
859349	"A1b/103I"	"C26"	30.3447338374225
448581	"A1b/101Y"	"E7"	15.2856236941741
314333	"A1b/180E"	"C26"	25.5326900511136
482514	"A1b/194C"	"B37"	19.149625284911
252917	"A1b/147R"	"E7"	16.3172544768338
209580	"A1b/109B"	"C26"	19.4335543893937
18905	"A1b/171F"	"E7"	13.4862991301052
107376	"A1b/109B"	"B37"	20.0979189194786
156000	"A1b/193G"	"B37"	15.9495376497805
879078	"A1b/103I"	"B37"	23.5639072029485
231277	"A1b/175N"	"E7"	24.4116791755522
727491	"A1b/103I"	"E7"	23.5679212910678
156173	"A1b/187L"	"C26"	14.2489819561146
385519	"A1b/103I"	"B37"	29.0275043696759
33971	"A1b/101Y"	"E7"	14.0792426455227
684754	"A1b/187L"	"B37"	11.2686801046266
357668	"A1b/101Y"	"C26"	15.8066766541399
923711	"A1b/158M"	"C26"	25.9274276286588
507209	"A1b/171F"	"B37"	18.4671691617188
218696	"A1b/101Y"	"E7"	17.8981640897153
92685	"A1b/101Y"	"C26"	12.9151445096819
929118	"A1b/101Y"	"C26"	27.1134817360984
249612	"A1b/101Y"	"C26"	13.0724967585774
797311	"A1b/147R"	"B37"	19.9136955553984
475479	"A1b/109B"	"E7"	18.8065910897718
507014	"A1b/101Y"	"B37"	22.2219417928816
430842	"A1b/154Z"	"C26"	11.2491864800663
429054	"A1b/134D"	"C26"	15.7567182638536
833880	"A1b/193G"	"B37"	16.3261466232223
603233	"A1b/160J"	"C26"	11.7849144581227
296073	"A1b/103I"	"E7"	19.8440979219094
264647	"A1b/147R"	"C26"	16.9625157840759
45961	"A1b/103I"	"E7"	19.9474715345807
654030	"A1b/101Y"	"E7"	12.1881945933551
165514	"A1b/101Y"	"B37"	15.3348616131653
932357	"A1b/166X"	"B37"	9.10304643367737
683057	"A1b/147R"	"E7"	26.4532940918151
596476	"A1b/101Y"	"C26"	20.6435777882268
811478	"A1b/106P"	"B37"	16.5193285456147
897214	"A1b/106P"	"E7"	26.6727842741576
737791	"A1b/101Y"	"B37"	23.2537089962246
683944	"A1b/153K"	"E7"	1.50197798432782
741431	"A1b/101Y"	"E7"	18.5250621617729
914463	"A1b/101Y"	"B37"	11.8038825600024
646356	"A1b/154Z"	"C26"	16.6309537866437
630263	"A1b/158M"	"E7"	14.9777002979217
424857	"A1b/101Y"	"E7"	21.6564730642305
722485	"A1b/101Y"	"E7"	17.9875109256571
934114	"A1b/101Y"	"C26"	23.7761960015809
479761	"A1b/103I"	"B37"	25.7180076951261
489252	"A1b/101Y"	"B37"	14.278544979235
92718	"A1b/101Y"	"C26"	9.93625872653976
506491	"A1b/101Y"	"B37"	8.732818248827
400656	"A1b/101Y"	"B37"	13.8181945100509
694839	"A1b/109B"	"C26"	12.6952324671074
386734	"A1b/180E"	"C26"	16.624457295781
509704	"A1b/193G"	"B37"	15.7588384999684
279722	"A1b/180E"	"E7"	19.1581995967486
337821	"A1b/106P"	"C26"	18.3591574229205
971245	"A1b/147R"	"E7"	31.5054952075777
43048	"A1b/109B"	"B37"	17.5129170102669
24367	"A1b/101Y"	"E7"	23.1703825772912
894370	"A1b/154Z"	"E7"	21.5357838254127
73266	"A1b/106P"	"B37"	15.1006771783142
334717	"A1b/109B"	"E7"	22.969051496179
96833	"A1b/134D"	"E7"	2.63092945365426
156870	"A1b/106P"	"B37"	20.637592827217
463204	"A1b/187L"	"E7"	14.0021272270934
629529	"A1b/103I"	"C26"	29.8395163567418
486433	"A1b/134D"	"E7"	21.4729279093559
877762	"A1b/106P"	"B37"	27.8356750150578
288180	"A1b/101Y"	"B37"	27.6071240626263
900051	"A1b/190W"	"B37"	18.6948484376401
346832	"A1b/154Z"	"E7"	12.6251765370643
745073	"A1b/101Y"	"B37"	22.8152049366113
808848	"A1b/101Y"	"B37"	13.9622948221687
842888	"A1b/101Y"	"B37"	20.0977332667547
369808	"A1b/187L"	"E7"	16.6087108768268
177703	"A1b/101Y"	"C26"	12.6500451546423
907343	"A1b/101Y"	"B37"	16.6183333085687
642520	"A1b/162A"	"E7"	31.6661816624167
174170	"A1b/116T"	"E7"	14.3227603816835
117098	"A1b/160J"	"E7"	13.8617650045368
348737	"A1b/101Y"	"C26"	21.1996002503554
126567	"A1b/175N"	"E7"	16.764673765031
687049	"A1b/101Y"	"B37"	14.2515227062306
29901	"A1b/101Y"	"C26"	30.2912509805827
13987	"A1b/101Y"	"C26"	28.643479297791
173505	"A1b/187L"	"E7"	11.7975386222843
697481	"A1b/103I"	"B37"	26.3082883157756
938232	"A1b/194C"	"C26"	17.6741118639615
173302	"A1b/106P"	"E7"	22.8117112372503
708552	"A1b/101Y"	"E7"	42.6057969496693
553684	"A1b/101Y"	"E7"	24.4703667785881
951213	"A1b/106P"	"C26"	20.5897789621318
83699	"A1b/147R"	"B37"	26.6238364322463
668706	"A1b/134D"	"C26"	12.6460688110501
620042	"A1b/153K"	"C26"	17.5677593529652
562244	"A1b/116T"	"C26"	23.0158053313626
48636	"A1b/101Y"	"E7"	11.3465307296079
257233	"A1b/103I"	"C26"	24.4619713720382
614298	"A1b/101Y"	"C26"	18.3790394147425
420404	"A1b/103I"	"E7"	20.6108477125383
396629	"A1b/116T"	"E7"	19.9197475410183
739736	"A1b/158M"	"B37"	31.2241124527599
949705	"A1b/147R"	"C26"	21.1965661025031
342709	"A1b/109B"	"C26"	10.7998977288016
266950	"A1b/101Y"	"E7"	27.9566964622272
747424	"A1b/101Y"	"B37"	17.9587737362975
580745	"A1b/101Y"	"B37"	36.104537713918
102474	"A1b/154Z"	"E7"	19.274829688028
169469	"A1b/175N"	"B37"	20.5909982464238
710804	"A1b/147R"	"B37"	11.902922660588
483550	"A1b/103I"	"C26"	28.6006279771687
460906	"A1b/109B"	"B37"	24.3000487012274
851177	"A1b/166X"	"C26"	9.67458880302397
195759	"A1b/106P"	"C26"	27.3444729938113
252430	"A1b/187L"	"E7"	23.1971792164114
502028	"A1b/147R"	"C26"	8.15280203428761
675476	"A1b/147R"	"B37"	16.5659932870066
117235	"A1b/101Y"	"C26"	20.3268463487425
487006	"A1b/109B"	"B37"	16.7948522433189
25446	"A1b/101Y"	"C26"	13.2080455364045
676110	"A1b/103I"	"C26"	22.3137457593622
428756	"A1b/116T"	"C26"	26.1186149522635
101717	"A1b/116T"	"C26"	28.284763707988
392498	"A1b/116T"	"E7"	21.5952672854923
679479	"A1b/101Y"	"B37"	23.7627900437312
783175	"A1b/101Y"	"C26"	17.2202464196155
711558	"A1b/154Z"	"B37"	12.0274065144131
437509	"A1b/134D"	"C26"	29.6987112356174
674434	"A1b/101Y"	"C26"	4.05828534771945
701333	"A1b/101Y"	"E7"	23.2992672341588
743878	"A1b/171F"	"C26"	21.6200199978992
231956	"A1b/101Y"	"B37"	32.2935019380313
432775	"A1b/187L"	"E7"	2.34897447393231
490998	"A1b/158M"	"B37"	28.5401643050856
485475	"A1b/101Y"	"E7"	26.1724292614161
46139	"A1b/160J"	"B37"	26.438289424523
614478	"A1b/166X"	"E7"	20.7588116629935
325988	"A1b/160J"	"B37"	22.6106608291287
196190	"A1b/116T"	"C26"	22.7227579555914
170374	"A1b/101Y"	"B37"	13.6774284256673
133759	"A1b/134D"	"C26"	17.3451040993842
49634	"A1b/106P"	"C26"	17.8221133658289
107448	"A1b/134D"	"C26"	22.7587913462301
350558	"A1b/103I"	"B37"	34.5610221308855
560170	"A1b/154Z"	"B37"	11.9579676699218
695437	"A1b/101Y"	"E7"	22.7579716286914
805013	"A1b/103I"	"C26"	25.8481061436588
979487	"A1b/101Y"	"B37"	17.9421192759402
492435	"A1b/103I"	"E7"	22.5802851591502
568785	"A1b/101Y"	"E7"	10.4086910439576
983458	"A1b/109B"	"C26"	10.7371601097918
934420	"A1b/101Y"	"E7"	16.5518892643635
2128	"A1b/158M"	"C26"	21.1517505001193
941620	"A1b/187L"	"C26"	28.8672770577914
968677	"A1b/101Y"	"C26"	23.3032740266201
764307	"A1b/101Y"	"C26"	27.321663874442
293789	"A1b/162A"	"C26"	25.2861886372897
643521	"A1b/106P"	"E7"	26.223913820522
193168	"A1b/147R"	"E7"	16.0174983023888
280827	"A1b/116T"	"C26"	8.72436918152709
191184	"A1b/103I"	"C26"	22.5213111710737
9432	"A1b/147R"	"B37"	13.7973060588951
111694	"A1b/103I"	"E7"	24.0600593681314
22484	"A1b/106P"	"C26"	25.8317491512081
110802	"A1b/158M"	"E7"	17.5383998634848
175230	"A1b/103I"	"B37"	36.9089637461299
674798	"A1b/101Y"	"C26"	24.2615529824195
342042	"A1b/109B"	"B37"	20.558510667346
26967	"A1b/103I"	"C26"	25.4901039846117
287904	"A1b/101Y"	"B37"	18.827200240438
77379	"A1b/116T"	"E7"	24.9186740790766
173745	"A1b/153K"	"B37"	12.7960709286855
102472	"A1b/101Y"	"B37"	19.6823463878032
487892	"A1b/101Y"	"C26"	26.2415304383299
300153	"A1b/180E"	"E7"	19.0113137244351
399951	"A1b/106P"	"B37"	37.5641599855439
15176	"A1b/171F"	"B37"	28.6087067030596
160261	"A1b/106P"	"E7"	18.3134256905866
50680	"A1b/103I"	"E7"	18.1370972296063
695270	"A1b/103I"	"C26"	26.7902850779336
631766	"A1b/109B"	"E7"	14.1043306717462
482427	"A1b/101Y"	"B37"	12.4915176596759
584081	"A1b/147R"	"B37"	21.2201252509989
119613	"A1b/106P"	"C26"	10.4664765096201
433173	"A1b/103I"	"E7"	21.9523516620411
109001	"A1b/101Y"	"C26"	17.677686849518
491742	"A1b/106P"	"B37"	27.7638051119673
22746	"A1b/103I"	"B37"	22.0988776805339
863558	"A1b/101Y"	"B37"	13.8400473993174
285141	"A1b/134D"	"C26"	23.2019689355744
15323	"A1b/116T"	"C26"	5.55707936615793
391170	"A1b/101Y"	"E7"	30.9351481475136
889494	"A1b/109B"	"E7"	13.8502629922653
124549	"A1b/101Y"	"B37"	25.1678323147814
776321	"A1b/103I"	"B37"	23.1047069515308
69999	"A1b/106P"	"E7"	22.6823755529023
837118	"A1b/175N"	"E7"	19.9753279056415
685344	"A1b/116T"	"B37"	8.05455158975866
964928	"A1b/134D"	"C26"	18.4471551323345
614856	"A1b/153K"	"B37"	6.43408890076315
700776	"A1b/147R"	"E7"	7.59304141585833
901780	"A1b/109B"	"C26"	8.51696341562208
555864	"A1b/154Z"	"B37"	23.858444141199
766613	"A1b/116T"	"E7"	16.6413162273892
431428	"A1b/187L"	"E7"	9.28923960181083
166765	"A1b/147R"	"B37"	19.4262903222593
486346	"A1b/101Y"	"E7"	10.9065348656036
442926	"A1b/153K"	"C26"	19.5711977746661
814224	"A1b/101Y"	"E7"	29.6692536358807
178100	"A1b/160J"	"E7"	28.6552357651095
609423	"A1b/162A"	"C26"	25.2904757131305
287000	"A1b/103I"	"E7"	26.1637308871209
802511	"A1b/101Y"	"E7"	10.6351311039631
983567	"A1b/103I"	"E7"	30.7908703135519
939751	"A1b/194C"	"E7"	28.3960723053237
304971	"A1b/116T"	"E7"	22.0797563112645
98931	"A1b/103I"	"C26"	17.7309956440544
15295	"A1b/101Y"	"E7"	24.2499975171634
767863	"A1b/101Y"	"B37"	11.0390322812555
86027	"A1b/154Z"	"C26"	13.1321654245963
322091	"A1b/166X"	"E7"	20.857615473749
401429	"A1b/134D"	"E7"	30.2145002527239
586600	"A1b/109B"	"B37"	11.4364984847126
803664	"A1b/109B"	"C26"	12.7270676217838
164184	"A1b/103I"	"B37"	29.5810660237988
755004	"A1b/147R"	"C26"	14.9049481756652
134954	"A1b/190W"	"C26"	22.1280504672764
99192	"A1b/154Z"	"B37"	21.2035022371822
410725	"A1b/116T"	"C26"	7.1492623072924
726741	"A1b/106P"	"B37"	17.5869174673021
301582	"A1b/103I"	"C26"	9.15612410572015
235205	"A1b/187L"	"B37"	26.8835459771187
427306	"A1b/134D"	"E7"	27.9805637709839
878723	"A1b/116T"	"C26"	32.5083846739188
973287	"A1b/109B"	"C26"	9.36845597340566
229318	"A1b/101Y"	"E7"	31.4407695506778
701144	"A1b/106P"	"E7"	8.56092341567527
220080	"A1b/109B"	"E7"	14.984073526013
374655	"A1b/162A"	"E7"	21.5621768962546
457296	"A1b/158M"	"C26"	33.5910554108517
300615	"A1b/106P"	"B37"	20.0237670962514
844916	"A1b/153K"	"C26"	3.16145230323938
385387	"A1b/101Y"	"E7"	15.9872548617061
643187	"A1b/101Y"	"B37"	15.5548713497178
50938	"A1b/194C"	"E7"	23.099773747514
919418	"A1b/166X"	"E7"	2.48221785730582
271744	"A1b/187L"	"B37"	19.387905093519
858829	"A1b/101Y"	"C26"	19.7358460055037
181335	"A1b/166X"	"E7"	21.6926750981511
57055	"A1b/175N"	"E7"	12.3326855115812
297598	"A1b/103I"	"E7"	6.92330842308208
439670	"A1b/106P"	"C26"	22.838718338909
333036	"A1b/106P"	"C26"	20.0063194990237
288763	"A1b/154Z"	"B37"	17.066338105394
730322	"A1b/109B"	"C26"	13.3854141606833
125505	"A1b/160J"	"E7"	6.01619921104641
821063	"A1b/109B"	"B37"	9.75120758323049
21885	"A1b/147R"	"C26"	20.684710817238
178808	"A1b/101Y"	"C26"	12.2165843936425
702488	"A1b/116T"	"E7"	21.1424008631943
175105	"A1b/162A"	"E7"	17.1279607553681
417477	"A1b/101Y"	"C26"	3.34302435148799
418757	"A1b/101Y"	"B37"	15.844442889313
984584	"A1b/101Y"	"B37"	16.7986416121707
756710	"A1b/101Y"	"C26"	2.61650413258881
827963	"A1b/158M"	"C26"	31.5184659801045
251025	"A1b/101Y"	"C26"	0.834856664761901
469735	"A1b/116T"	"C26"	20.8114709350081
185650	"A1b/101Y"	"E7"	26.6218091958273
104627	"A1b/171F"	"C26"	13.8564162859766
997047	"A1b/147R"	"B37"	15.3877837967127
716109	"A1b/154Z"	"C26"	24.3266416689573
789320	"A1b/106P"	"C26"	29.7663961748037
295281	"A1b/101Y"	"C26"	10.6537469661954
719724	"A1b/162A"	"C26"	35.5508131901197
532245	"A1b/101Y"	"E7"	24.0032663733433
374405	"A1b/190W"	"E7"	20.3238823078922
829684	"A1b/101Y"	"E7"	22.8052580753327
492152	"A1b/180E"	"B37"	18.2740240896607
412229	"A1b/101Y"	"C26"	25.0711098815457
638717	"A1b/106P"	"C26"	15.6570339349441
502035	"A1b/194C"	"C26"	30.0020285960156
197212	"A1b/190W"	"E7"	24.9834751510279
41459	"A1b/116T"	"B37"	19.5268036307512
745756	"A1b/175N"	"B37"	23.3973485354777
519970	"A1b/160J"	"C26"	13.8813333219521
572785	"A1b/106P"	"B37"	16.7669324123795
412637	"A1b/106P"	"C26"	21.9333196156375
868510	"A1b/103I"	"E7"	27.4447325185969
156711	"A1b/153K"	"E7"	10.2419545770421
977009	"A1b/147R"	"C26"	11.6366136082842
885256	"A1b/101Y"	"B37"	15.3914828727587
828034	"A1b/116T"	"E7"	21.1228794701554
724575	"A1b/154Z"	"B37"	8.78634739665448
435033	"A1b/109B"	"B37"	20.6531166191209
109408	"A1b/101Y"	"C26"	22.2899398796565
67627	"A1b/106P"	"B37"	33.9447865514363
679656	"A1b/116T"	"E7"	21.3761211550178
340346	"A1b/106P"	"B37"	33.846427689315
708046	"A1b/134D"	"C26"	12.9292973048792
228563	"A1b/109B"	"E7"	23.4190487252167
762255	"A1b/193G"	"C26"	13.024652221951
452180	"A1b/160J"	"E7"	17.2235326019986
917389	"A1b/187L"	"E7"	15.4268744595031
317829	"A1b/103I"	"B37"	9.95168026915936
447067	"A1b/187L"	"B37"	19.1383338107836
762803	"A1b/116T"	"E7"	25.3397416610888
395762	"A1b/106P"	"B37"	18.1325515179132
289949	"A1b/101Y"	"E7"	13.3298002680596
323535	"A1b/103I"	"E7"	13.611709185334
744597	"A1b/147R"	"C26"	11.0199813579039
819666	"A1b/101Y"	"E7"	25.8296079060273
198406	"A1b/171F"	"E7"	21.0936520712339
27067	"A1b/103I"	"E7"	25.9241253546909
289688	"A1b/116T"	"E7"	20.6693302517771
94993	"A1b/106P"	"C26"	22.8788953573213
348078	"A1b/109B"	"B37"	9.88894898737955
46217	"A1b/194C"	"B37"	26.7374471883781
242113	"A1b/103I"	"E7"	22.9364065920452
163690	"A1b/166X"	"B37"	13.2469265178889
4315	"A1b/101Y"	"E7"	6.97419971458761
109507	"A1b/154Z"	"E7"	35.3004071127617
970650	"A1b/109B"	"B37"	15.2692754931816
640322	"A1b/106P"	"C26"	27.9568475203842
201656	"A1b/103I"	"C26"	28.4591772271702
988454	"A1b/101Y"	"B37"	12.8639506364604
308735	"A1b/106P"	"B37"	13.9655350561363
135933	"A1b/101Y"	"B37"	23.9414952571239
986738	"A1b/101Y"	"C26"	16.8811928440524
388298	"A1b/101Y"	"B37"	2.66979443565187
846472	"A1b/116T"	"E7"	29.8361131898177
136369	"A1b/101Y"	"B37"	17.1804751068127
820880	"A1b/106P"	"C26"	21.1998459759085
213424	"A1b/103I"	"C26"	19.860662579502
969342	"A1b/101Y"	"B37"	17.9535314300654
562990	"A1b/101Y"	"C26"	27.5628878732879
499929	"A1b/166X"	"B37"	19.1106607759856
124577	"A1b/101Y"	"E7"	6.17398825158468
980021	"A1b/158M"	"B37"	30.9703222068775
368084	"A1b/147R"	"C26"	5.8504584655211
288006	"A1b/153K"	"E7"	20.514571449115
57851	"A1b/101Y"	"C26"	37.3462677117299
42408	"A1b/106P"	"B37"	29.1061284238216
772464	"A1b/106P"	"E7"	22.3176911419297
356847	"A1b/101Y"	"C26"	16.5569132254875
218511	"A1b/154Z"	"E7"	6.96196113133415
573891	"A1b/103I"	"B37"	22.0095478187314
139091	"A1b/116T"	"B37"	30.1467124533338
521080	"A1b/147R"	"C26"	13.836927687824
88710	"A1b/101Y"	"E7"	26.2772340854765
669259	"A1b/101Y"	"E7"	33.5475773981341
484565	"A1b/134D"	"E7"	32.751636925757
765088	"A1b/101Y"	"C26"	15.9911421659914
728890	"A1b/158M"	"B37"	31.9070155320944
63510	"A1b/106P"	"B37"	13.6125872247063
745436	"A1b/160J"	"C26"	15.9567992616656
622943	"A1b/187L"	"C26"	10.6828358538944
948863	"A1b/101Y"	"C26"	20.9668284916158
538699	"A1b/101Y"	"E7"	14.6913292552567
948716	"A1b/101Y"	"B37"	23.0350604775406
462667	"A1b/103I"	"C26"	12.3728861181473
810409	"A1b/106P"	"E7"	26.3888407054233
489203	"A1b/106P"	"B37"	21.6604996018901
355894	"A1b/103I"	"B37"	10.0920268553429
624669	"A1b/106P"	"B37"	24.7732811446268
27354	"A1b/106P"	"B37"	25.9639263205273
784515	"A1b/147R"	"B37"	14.623340607439
587273	"A1b/103I"	"B37"	27.2981322189158
167405	"A1b/103I"	"C26"	14.6318476192473
806390	"A1b/101Y"	"C26"	14.035048616482
115908	"A1b/109B"	"E7"	28.2864910451908
795413	"A1b/106P"	"C26"	18.3771253756343
439075	"A1b/175N"	"B37"	26.0762838381062
596922	"A1b/116T"	"C26"	22.6733155262064
496799	"A1b/147R"	"C26"	23.6932851565904
527397	"A1b/160J"	"E7"	16.8013497019073
586593	"A1b/101Y"	"C26"	15.4879167937941
588859	"A1b/101Y"	"E7"	26.7731308336222
643882	"A1b/101Y"	"B37"	15.9804590798
403387	"A1b/190W"	"C26"	16.5678770422112
686417	"A1b/187L"	"B37"	22.4666764480917
48308	"A1b/180E"	"B37"	25.4408232475899
240841	"A1b/193G"	"B37"	12.3891156806871
306287	"A1b/134D"	"E7"	24.7491742034464
260881	"A1b/101Y"	"B37"	16.9932809670615
250404	"A1b/101Y"	"E7"	20.4699912756607
503058	"A1b/171F"	"E7"	22.1192519919447
360751	"A1b/134D"	"C26"	28.8467680560557
183067	"A1b/116T"	"E7"	11.9342402833189
864396	"A1b/116T"	"C26"	22.4972348252868
662789	"A1b/103I"	"E7"	16.3108226049401
950660	"A1b/106P"	"E7"	26.2984551578457
744545	"A1b/158M"	"B37"	30.9965667110614
441852	"A1b/166X"	"C26"	6.73650622599853
643004	"A1b/101Y"	"E7"	9.80645628027082
496126	"A1b/158M"	"C26"	34.7611975791324
540056	"A1b/153K"	"B37"	23.2054019054761
996459	"A1b/106P"	"E7"	22.2934171637988
11544	"A1b/153K"	"E7"	17.101121419888
135064	"A1b/106P"	"E7"	19.7095034502928
511334	"A1b/160J"	"C26"	16.6019669854959
627852	"A1b/187L"	"C26"	11.1615079977654
429085	"A1b/101Y"	"B37"	30.527631878244
53661	"A1b/103I"	"E7"	19.9798274992271
816318	"A1b/175N"	"E7"	19.6040382667646
467512	"A1b/101Y"	"C26"	25.6155417654448
99368	"A1b/147R"	"B37"	34.1033580587063
345475	"A1b/101Y"	"B37"	31.5936845737261
357434	"A1b/109B"	"E7"	25.9203077770147
534305	"A1b/153K"	"E7"	19.1726736109984
523170	"A1b/106P"	"B37"	14.2898258626993
495435	"A1b/101Y"	"B37"	23.736767737883
100471	"A1b/101Y"	"B37"	26.0977768522426
689609	"A1b/101Y"	"E7"	12.1885438856858
483028	"A1b/109B"	"E7"	17.6139914965684
28963	"A1b/134D"	"C26"	29.8569316739735
104784	"A1b/154Z"	"E7"	18.2942097917093
785300	"A1b/101Y"	"E7"	8.81784804366391
280277	"A1b/154Z"	"C26"	24.0983635628676
898911	"A1b/154Z"	"B37"	17.284965002767
633089	"A1b/109B"	"B37"	18.1475027443042
835976	"A1b/101Y"	"E7"	14.3308655547442
978183	"A1b/106P"	"B37"	36.5003613372897
444155	"A1b/101Y"	"E7"	16.7542155820032
167828	"A1b/109B"	"E7"	29.9823266396737
88280	"A1b/103I"	"E7"	42.433271939607
558637	"A1b/101Y"	"B37"	28.6224350653253
160178	"A1b/103I"	"C26"	17.1120779647564
406093	"A1b/116T"	"C26"	32.2558335224889
120974	"A1b/106P"	"C26"	12.393379475018
409112	"A1b/162A"	"C26"	28.1860357291956
207451	"A1b/134D"	"E7"	20.6976531873465
753516	"A1b/103I"	"B37"	28.2302013001539
749184	"A1b/106P"	"E7"	27.4996894587852
576929	"A1b/147R"	"B37"	18.1462513237694
967265	"A1b/101Y"	"B37"	14.811276709346
468262	"A1b/101Y"	"C26"	10.1362050912008
22673	"A1b/171F"	"E7"	19.081476250801
259274	"A1b/103I"	"B37"	3.38469557438881
535669	"A1b/166X"	"E7"	20.0571844521264
17327	"A1b/103I"	"C26"	34.3167362967222
501753	"A1b/154Z"	"B37"	11.6356959666843
607375	"A1b/194C"	"C26"	8.27549733788122
390992	"A1b/101Y"	"C26"	13.7851974950048
372301	"A1b/106P"	"B37"	7.78974947308046
667595	"A1b/154Z"	"C26"	10.2748858587227
232955	"A1b/166X"	"B37"	25.8331537214873
421461	"A1b/134D"	"C26"	25.9058113901936
596713	"A1b/101Y"	"C26"	33.9055027002093
69077	"A1b/101Y"	"B37"	23.5963616773573
637840	"A1b/103I"	"C26"	17.8344300736257
23569	"A1b/101Y"	"C26"	22.6202697956247
501209	"A1b/160J"	"B37"	24.1377028382266
944470	"A1b/116T"	"B37"	10.7785348737325
632919	"A1b/103I"	"C26"	22.1897368286831
287354	"A1b/101Y"	"B37"	19.2246246227452
760912	"A1b/106P"	"C26"	17.2722678502623
773324	"A1b/187L"	"E7"	15.3664553778391
401193	"A1b/162A"	"E7"	19.7885752414325
807007	"A1b/116T"	"E7"	25.7967278807068
55202	"A1b/153K"	"B37"	15.6578778804473
676672	"A1b/106P"	"C26"	3.13280964683434
199657	"A1b/160J"	"B37"	17.2728883427378
575498	"A1b/190W"	"E7"	21.911572106605
974637	"A1b/175N"	"B37"	13.0255327233528
860463	"A1b/116T"	"B37"	18.2730563884776
432834	"A1b/106P"	"C26"	24.6929847853589
387710	"A1b/103I"	"C26"	20.5735498453463
24728	"A1b/134D"	"B37"	18.0025089750361
845654	"A1b/103I"	"E7"	17.1925912718973
111617	"A1b/109B"	"B37"	19.7091253203717
761134	"A1b/134D"	"B37"	29.77671016549
892351	"A1b/101Y"	"C26"	22.4333943163722
43587	"A1b/154Z"	"C26"	7.98027438639756
63458	"A1b/153K"	"C26"	12.5524609976868
675257	"A1b/175N"	"C26"	12.7053984186439
913754	"A1b/162A"	"B37"	14.4425212217545
787242	"A1b/101Y"	"B37"	18.4814483404632
454067	"A1b/103I"	"C26"	10.9078699867061
671884	"A1b/109B"	"B37"	16.3463647366801
100646	"A1b/171F"	"C26"	22.8917593285058
932665	"A1b/116T"	"E7"	17.5703557055921
90677	"A1b/160J"	"E7"	32.9696767587461
121833	"A1b/134D"	"E7"	11.7261037305581
976322	"A1b/101Y"	"C26"	16.2622345264037
945406	"A1b/106P"	"C26"	20.5372092954307
670268	"A1b/103I"	"E7"	29.2874666689071
104992	"A1b/106P"	"B37"	25.165834367559
605774	"A1b/147R"	"C26"	15.0637308415223
712873	"A1b/166X"	"C26"	19.4903105584549
484243	"A1b/101Y"	"B37"	12.6525724577478
139512	"A1b/134D"	"B37"	23.2282597324055
989081	"A1b/101Y"	"C26"	9.4711382465127
640900	"A1b/103I"	"C26"	7.96798976082393
289680	"A1b/180E"	"B37"	21.0181465569506
976014	"A1b/134D"	"B37"	28.604634543024
761733	"A1b/103I"	"E7"	22.5123792244746
792120	"A1b/101Y"	"E7"	17.3074328182314
231439	"A1b/147R"	"E7"	26.8028018679058
554211	"A1b/103I"	"B37"	25.4695905537267
563151	"A1b/190W"	"B37"	25.215256463428
370649	"A1b/166X"	"E7"	10.9927457971299
943455	"A1b/187L"	"C26"	14.70161845592
112758	"A1b/175N"	"B37"	15.818717959916
984439	"A1b/101Y"	"B37"	20.4802157090436
458322	"A1b/175N"	"B37"	16.9087518896345
943441	"A1b/109B"	"B37"	12.3168009623437
98651	"A1b/101Y"	"E7"	23.761158046233
841897	"A1b/171F"	"E7"	19.5717435333012
991701	"A1b/109B"	"C26"	25.0364250020839
668016	"A1b/103I"	"B37"	19.3183833362447
45262	"A1b/106P"	"E7"	9.04301931296343
969596	"A1b/101Y"	"B37"	10.6652276369464
266070	"A1b/166X"	"B37"	12.3814277707662
98134	"A1b/106P"	"E7"	29.0710645623928
652247	"A1b/116T"	"C26"	32.1880232505581
237859	"A1b/109B"	"E7"	8.04905009317533
603655	"A1b/175N"	"C26"	6.70313411125799
995767	"A1b/103I"	"C26"	29.7442546844618
338996	"A1b/175N"	"E7"	23.1208682319694
880105	"A1b/109B"	"C26"	9.99457178443141
893900	"A1b/193G"	"B37"	13.0934224628985
559128	"A1b/166X"	"B37"	9.47975850238344
8385	"A1b/180E"	"E7"	27.8068854834436
161229	"A1b/158M"	"B37"	14.1312488029874
445907	"A1b/101Y"	"B37"	17.9339100762272
834415	"A1b/103I"	"B37"	13.9430282627308
91803	"A1b/109B"	"E7"	7.64535899371093
143227	"A1b/101Y"	"C26"	22.9618886748996
691554	"A1b/101Y"	"E7"	23.156220735555
235460	"A1b/101Y"	"B37"	7.23672353699222
205047	"A1b/160J"	"C26"	23.8957328765933
185292	"A1b/153K"	"E7"	20.2213379073144
53002	"A1b/116T"	"C26"	21.9733164366138
924147	"A1b/103I"	"C26"	25.6293049373585
941079	"A1b/101Y"	"E7"	30.502780062811
221673	"A1b/103I"	"C26"	17.3824561209231
477568	"A1b/101Y"	"B37"	18.1596411898161
807947	"A1b/101Y"	"E7"	23.8209730121157
938307	"A1b/190W"	"E7"	21.1269851429758
473743	"A1b/101Y"	"E7"	27.4377606923412
691011	"A1b/106P"	"C26"	19.8979236742545
934158	"A1b/101Y"	"B37"	18.0447257896612
450526	"A1b/153K"	"E7"	19.3817554475268
318737	"A1b/109B"	"B37"	8.78285264685209
707295	"A1b/116T"	"E7"	23.3463619209335
204990	"A1b/101Y"	"E7"	32.7717840911649
311399	"A1b/109B"	"E7"	26.5617311531627
223176	"A1b/101Y"	"B37"	24.5681373829417
498565	"A1b/106P"	"B37"	17.7785792718315
39802	"A1b/153K"	"E7"	21.8703284880185
217043	"A1b/103I"	"E7"	22.9295439772067
297289	"A1b/162A"	"C26"	6.24276176537517
460584	"A1b/147R"	"B37"	20.1915412545558
639660	"A1b/109B"	"C26"	10.4444702669167
803225	"A1b/109B"	"E7"	22.0238366724525
642137	"A1b/101Y"	"E7"	32.8441812818827
214516	"A1b/103I"	"C26"	17.5186869922641
443586	"A1b/106P"	"C26"	15.6064620290492
611510	"A1b/180E"	"E7"	24.6670980881957
286403	"A1b/194C"	"E7"	5.67682437867209
615646	"A1b/109B"	"B37"	27.9039786777206
946687	"A1b/106P"	"C26"	19.1858790652708
958553	"A1b/153K"	"B37"	9.55392358506331
168956	"A1b/101Y"	"E7"	26.9963275959246
802555	"A1b/116T"	"B37"	19.0611037577202
169186	"A1b/175N"	"C26"	12.8355547794632
887208	"A1b/101Y"	"E7"	25.7377362643092
703058	"A1b/103I"	"C26"	19.669288975123
364400	"A1b/175N"	"E7"	15.4247112707981
709018	"A1b/166X"	"B37"	19.172614152062
261519	"A1b/103I"	"B37"	24.228076795962
342336	"A1b/154Z"	"C26"	19.4266546469739
898022	"A1b/162A"	"B37"	17.8799506318286
582793	"A1b/101Y"	"E7"	20.2714487038052
936924	"A1b/106P"	"C26"	7.2255993894859
63669	"A1b/101Y"	"C26"	23.6986462087438
409837	"A1b/147R"	"B37"	7.90495046666737
573617	"A1b/106P"	"C26"	21.123814401431
498092	"A1b/134D"	"C26"	7.81352455591523
279211	"A1b/106P"	"B37"	20.4636812135803
904528	"A1b/193G"	"C26"	15.5419751857815
671775	"A1b/101Y"	"C26"	4.74664235666481
742310	"A1b/101Y"	"E7"	13.9465657101018
429647	"A1b/101Y"	"C26"	26.2880139491564
152783	"A1b/101Y"	"B37"	14.6174684750662
56398	"A1b/101Y"	"E7"	20.8191818232677
441789	"A1b/187L"	"C26"	13.1212530305627
900076	"A1b/103I"	"B37"	17.7457928764324
770338	"A1b/147R"	"C26"	26.6221509845278
319321	"A1b/101Y"	"C26"	7.88890426878257
43260	"A1b/166X"	"E7"	14.0156781532441
39889	"A1b/116T"	"E7"	24.2920343882439
579839	"A1b/171F"	"B37"	26.7411537642041
339356	"A1b/103I"	"C26"	22.0439965860876
164778	"A1b/101Y"	"C26"	4.10629385385925
977419	"A1b/160J"	"E7"	8.64313894361252
128339	"A1b/175N"	"E7"	21.7062043058814
757550	"A1b/103I"	"C26"	26.2035732482665
139021	"A1b/101Y"	"C26"	16.2022183214141
705978	"A1b/160J"	"C26"	0.564797594128254
84120	"A1b/175N"	"E7"	12.2328931314436
649571	"A1b/116T"	"C26"	22.3090024517896
68902	"A1b/154Z"	"B37"	27.4609468918299
661568	"A1b/147R"	"C26"	7.45048936828827
317992	"A1b/154Z"	"B37"	25.3413995155929
409129	"A1b/101Y"	"C26"	10.9672020969633
775226	"A1b/101Y"	"B37"	19.3832859914536
776786	"A1b/158M"	"B37"	34.3339181836776
924672	"A1b/106P"	"C26"	24.1813939394092
49579	"A1b/103I"	"C26"	19.6065384266298
682663	"A1b/103I"	"B37"	36.6182621770923
459187	"A1b/162A"	"C26"	10.4872290484892
143597	"A1b/103I"	"B37"	29.0818828332801
958374	"A1b/193G"	"C26"	11.5285780180518
509277	"A1b/106P"	"E7"	9.53534896505142
964821	"A1b/101Y"	"E7"	11.7544068291787
394547	"A1b/101Y"	"B37"	28.043384339669
628902	"A1b/106P"	"B37"	29.4046289297283
881141	"A1b/154Z"	"B37"	7.09196248242759
163554	"A1b/162A"	"E7"	17.3161728978153
306592	"A1b/101Y"	"E7"	26.6514607309581
646831	"A1b/106P"	"E7"	29.1742441906671
541494	"A1b/194C"	"E7"	27.4457385252238
150032	"A1b/101Y"	"B37"	18.5795269816874
272064	"A1b/103I"	"C26"	33.578896700659
713265	"A1b/101Y"	"B37"	32.3793144055828
788631	"A1b/101Y"	"E7"	17.7471130414055
749915	"A1b/147R"	"E7"	19.2842463273244
741109	"A1b/109B"	"B37"	15.9987542452072
327807	"A1b/103I"	"B37"	11.7552277384772
166599	"A1b/154Z"	"E7"	28.2788753355619
741309	"A1b/180E"	"C26"	10.4690812470214
600897	"A1b/153K"	"B37"	5.27309997575878
912959	"A1b/194C"	"E7"	19.6755544389958
469913	"A1b/101Y"	"B37"	25.3633749969856
483669	"A1b/103I"	"E7"	29.9843279262193
764099	"A1b/134D"	"B37"	29.1796403378517
156863	"A1b/101Y"	"B37"	26.2710388030758
503359	"A1b/154Z"	"E7"	11.1336213637135
713747	"A1b/101Y"	"B37"	9.06668424007285
878096	"A1b/101Y"	"B37"	19.593704650979
132762	"A1b/109B"	"B37"	34.0292092071994
978343	"A1b/116T"	"E7"	23.4518037730881
645926	"A1b/101Y"	"E7"	19.9120352079537
164892	"A1b/166X"	"E7"	20.753116556781
66979	"A1b/153K"	"C26"	7.70784659492756
180799	"A1b/103I"	"B37"	13.3701943482977
167599	"A1b/106P"	"C26"	32.2536582081594
909218	"A1b/101Y"	"C26"	17.0011230905465
662143	"A1b/101Y"	"E7"	3.80972331254432
681809	"A1b/103I"	"E7"	4.88990730655131
676807	"A1b/101Y"	"E7"	20.3540617021758
888477	"A1b/134D"	"C26"	19.4953336938447
97165	"A1b/103I"	"E7"	23.3346020595137
399344	"A1b/109B"	"C26"	25.4564564087755
478765	"A1b/109B"	"B37"	15.4379810228532
707970	"A1b/158M"	"E7"	30.2493680559024
330544	"A1b/166X"	"B37"	26.685966310244
951552	"A1b/180E"	"C26"	11.0746987676583
230056	"A1b/158M"	"B37"	37.7466389359762
89050	"A1b/101Y"	"B37"	18.1252382173184
853262	"A1b/101Y"	"C26"	10.9757950615808
413647	"A1b/116T"	"C26"	21.8253962444788
103711	"A1b/103I"	"C26"	28.985845802765
247403	"A1b/160J"	"B37"	4.95568075615166
274529	"A1b/101Y"	"E7"	16.2106770265913
676232	"A1b/134D"	"C26"	8.98931821921084
196273	"A1b/194C"	"E7"	19.6179898372249
266786	"A1b/103I"	"E7"	22.3738841616273
363646	"A1b/153K"	"E7"	4.12819103548252
714551	"A1b/101Y"	"E7"	22.4325549144096
190853	"A1b/160J"	"B37"	30.0384013939893
708907	"A1b/153K"	"E7"	10.8546495519287
822065	"A1b/158M"	"E7"	30.173626395613
26844	"A1b/175N"	"C26"	18.8168166666675
822632	"A1b/134D"	"E7"	19.1938957018277
981989	"A1b/106P"	"E7"	25.8005053964228
833700	"A1b/109B"	"B37"	7.80824282284352
793530	"A1b/106P"	"E7"	15.5331352177241
275242	"A1b/101Y"	"C26"	21.5235199845759
517242	"A1b/154Z"	"B37"	13.2668796142016
446985	"A1b/134D"	"B37"	25.3651386211222
224170	"A1b/106P"	"E7"	19.7613942994024
961562	"A1b/158M"	"B37"	19.7117940094209
231985	"A1b/101Y"	"B37"	15.1430478951401
121722	"A1b/147R"	"E7"	13.4383776248943
52932	"A1b/116T"	"B37"	14.5347185312696
911959	"A1b/171F"	"E7"	6.09673293127333
972417	"A1b/134D"	"B37"	25.2257226403399
541383	"A1b/171F"	"E7"	22.9686096732547
879830	"A1b/160J"	"B37"	6.65443177925641
28954	"A1b/103I"	"C26"	28.0925149999044
736864	"A1b/162A"	"B37"	26.6463487750182
649683	"A1b/101Y"	"C26"	20.240964108511
116893	"A1b/101Y"	"E7"	21.8346504748119
590235	"A1b/109B"	"E7"	25.7586358618451
577679	"A1b/106P"	"C26"	14.1600434711456
128700	"A1b/153K"	"C26"	13.6350247108134
948630	"A1b/147R"	"E7"	0.971080502960831
183129	"A1b/103I"	"C26"	15.3721692780844
845803	"A1b/162A"	"C26"	7.96529048692148
457205	"A1b/134D"	"E7"	18.3860223830231
851837	"A1b/101Y"	"E7"	12.2663568985541
242018	"A1b/134D"	"C26"	26.9678794803109
859116	"A1b/147R"	"C26"	11.7876862827196
985281	"A1b/101Y"	"E7"	39.2663845612659
255113	"A1b/101Y"	"C26"	15.4177696707994
402182	"A1b/147R"	"C26"	11.1621660963035
438140	"A1b/171F"	"E7"	38.2822258788171
662402	"A1b/103I"	"C26"	6.26097817817623
3022	"A1b/106P"	"C26"	16.3123772359775
668395	"A1b/101Y"	"B37"	13.4144005888364
1393	"A1b/109B"	"E7"	9.22238520259923
177781	"A1b/101Y"	"C26"	17.1032261677959
84826	"A1b/103I"	"C26"	18.0905974670274
272600	"A1b/154Z"	"E7"	16.2537235584413
838099	"A1b/106P"	"B37"	18.3324274512872
967443	"A1b/158M"	"C26"	20.1576819560065
792620	"A1b/134D"	"E7"	16.6243585275134
610694	"A1b/101Y"	"C26"	10.4650786921842
691623	"A1b/101Y"	"C26"	18.9048728362776
712678	"A1b/175N"	"B37"	12.8485359846078
954446	"A1b/101Y"	"E7"	23.5821341182057
462810	"A1b/101Y"	"B37"	11.8359151387524
342150	"A1b/101Y"	"E7"	8.09789951529018
289667	"A1b/101Y"	"B37"	21.8879553425324
923846	"A1b/109B"	"E7"	9.83098500065306
857299	"A1b/103I"	"C26"	8.25524917479851
204915	"A1b/154Z"	"C26"	23.7163230424269
404923	"A1b/194C"	"B37"	20.4999712249136
362908	"A1b/158M"	"E7"	27.7008398136756
12555	"A1b/116T"	"E7"	23.8462158514637
795171	"A1b/101Y"	"E7"	20.2482548685694
506032	"A1b/147R"	"B37"	13.6937147099611
683994	"A1b/101Y"	"E7"	34.6382881411134
122642	"A1b/134D"	"B37"	17.3601932958044
937135	"A1b/101Y"	"C26"	27.8444988685828
588369	"A1b/101Y"	"C26"	28.6326786182707
817448	"A1b/147R"	"C26"	19.9850105439473
931768	"A1b/158M"	"B37"	22.8729144539206
132722	"A1b/175N"	"C26"	0.834505604614902
877419	"A1b/154Z"	"B37"	20.8467140036939
228865	"A1b/109B"	"C26"	21.9519998695871
585113	"A1b/101Y"	"E7"	30.6180585945247
912721	"A1b/101Y"	"C26"	22.4192082173588
694313	"A1b/103I"	"C26"	12.2834705202738
898427	"A1b/101Y"	"B37"	23.119036377415
474018	"A1b/101Y"	"B37"	16.8909827285714
786511	"A1b/154Z"	"B37"	20.3836475776983
549556	"A1b/106P"	"B37"	13.8742005811266
856113	"A1b/101Y"	"C26"	22.4952816593698
197851	"A1b/180E"	"C26"	21.7564448898504
788703	"A1b/116T"	"E7"	16.4974025070204
503978	"A1b/109B"	"C26"	4.84295503129729
543317	"A1b/101Y"	"E7"	14.9172597629735
749523	"A1b/147R"	"B37"	19.267749120862
785954	"A1b/101Y"	"B37"	18.5233828382181
636702	"A1b/106P"	"B37"	19.4770779836927
590811	"A1b/101Y"	"E7"	24.3384430052835
283914	"A1b/160J"	"B37"	35.4476033341918
150921	"A1b/116T"	"B37"	21.7539820305901
635888	"A1b/101Y"	"C26"	21.2334785985244
744256	"A1b/101Y"	"E7"	14.1265417059093
758888	"A1b/103I"	"C26"	8.58190240089947
894952	"A1b/101Y"	"C26"	25.6293376668012
879609	"A1b/103I"	"E7"	30.0350189093163
307933	"A1b/103I"	"B37"	13.0441835949857
190110	"A1b/101Y"	"E7"	14.5170577218469
229296	"A1b/116T"	"B37"	26.1809271809107
758610	"A1b/166X"	"B37"	25.4641704932067
434015	"A1b/101Y"	"C26"	22.5964570575352
971760	"A1b/134D"	"C26"	27.1083294066604
493604	"A1b/134D"	"C26"	7.7708342496212
772365	"A1b/175N"	"B37"	5.90673429238605
872234	"A1b/116T"	"E7"	22.5201995864393
518912	"A1b/106P"	"C26"	17.6206529382081
930449	"A1b/106P"	"C26"	23.1171659404306
131685	"A1b/193G"	"B37"	0.243045395240188
911019	"A1b/106P"	"C26"	26.1942753585484
666611	"A1b/187L"	"B37"	15.5972429913103
137719	"A1b/109B"	"B37"	12.7424469833019
279279	"A1b/101Y"	"C26"	24.650087480993
775555	"A1b/109B"	"C26"	13.9407274247137
603163	"A1b/160J"	"C26"	20.4373346854219
82104	"A1b/162A"	"E7"	9.76794168068439
507541	"A1b/101Y"	"E7"	12.6765268364192
763749	"A1b/101Y"	"E7"	18.2421202317598
715451	"A1b/160J"	"B37"	4.26569564789379
697180	"A1b/147R"	"C26"	18.116995453697
211348	"A1b/160J"	"C26"	5.8211269484152
673349	"A1b/153K"	"B37"	13.5750215643587
159976	"A1b/147R"	"B37"	3.09369576539647
331749	"A1b/180E"	"C26"	22.7334418526886
491566	"A1b/193G"	"C26"	4.3008031205764
514410	"A1b/180E"	"B37"	22.3847134742156
930519	"A1b/101Y"	"C26"	14.3174308720433
241114	"A1b/162A"	"E7"	22.2130769208358
967183	"A1b/101Y"	"E7"	26.3105471205188
353198	"A1b/106P"	"B37"	28.6949301165558
786411	"A1b/162A"	"C26"	36.0112845101733
671791	"A1b/106P"	"E7"	16.294887216205
575678	"A1b/101Y"	"B37"	5.78517376995779
901182	"A1b/106P"	"E7"	29.7503735812746
867803	"A1b/147R"	"E7"	27.9264863117169
515961	"A1b/101Y"	"C26"	31.5345132631733
678966	"A1b/134D"	"C26"	20.6953841378126
866690	"A1b/101Y"	"C26"	20.5936414233107
939043	"A1b/103I"	"C26"	19.0745158631679
958021	"A1b/158M"	"C26"	27.506926357939
306300	"A1b/101Y"	"B37"	24.5636212344599
296671	"A1b/134D"	"E7"	29.4333438527698
745567	"A1b/166X"	"E7"	4.59928588393849
785687	"A1b/103I"	"E7"	30.4317742802829
157392	"A1b/101Y"	"E7"	31.6360749654241
392110	"A1b/134D"	"C26"	8.62174489088262
548066	"A1b/190W"	"C26"	3.63953955314085
44991	"A1b/154Z"	"C26"	13.3588289690354
915983	"A1b/101Y"	"C26"	20.1842645283042
892729	"A1b/171F"	"B37"	22.2202787531757
689786	"A1b/101Y"	"C26"	6.56728663373961
712242	"A1b/101Y"	"C26"	14.8121324368623
485335	"A1b/147R"	"C26"	13.6245081694551
2989	"A1b/106P"	"B37"	27.4503166685599
196588	"A1b/147R"	"B37"	24.3629668019246
878464	"A1b/101Y"	"B37"	11.5432158534524
101362	"A1b/190W"	"B37"	20.4427401276352
914695	"A1b/187L"	"B37"	13.2458692628076
648939	"A1b/101Y"	"E7"	21.5550492382326
290715	"A1b/106P"	"C26"	17.1216747733989
296035	"A1b/101Y"	"C26"	11.0358505537735
395671	"A1b/109B"	"B37"	23.6724055184091
574893	"A1b/153K"	"B37"	9.83178191880535
456831	"A1b/194C"	"B37"	17.5578881769071
213039	"A1b/109B"	"E7"	24.5094917924124
356749	"A1b/106P"	"E7"	27.5428887485284
433645	"A1b/158M"	"B37"	34.4945443833613
945388	"A1b/101Y"	"E7"	18.6625103931254
992312	"A1b/101Y"	"E7"	7.10533899003454
851119	"A1b/166X"	"E7"	27.8173568026314
127643	"A1b/101Y"	"B37"	2.36004179324446
414100	"A1b/160J"	"C26"	12.2991425123983
